Model,PDB_ID,Status,H1_RMSD,H2_RMSD,H3_RMSD,VH_RMSD,n_VH_aligned,L1_RMSD,L2_RMSD,L3_RMSD,VL_RMSD,n_VL_aligned,L_status
AbFold,1AD0,OK,0.7945537119599445,1.2983563178740296,1.3375848695786348,2.026838381783002,121,1.4891831037371783,0.6917009377309792,1.9850520344999911,4.6277904389647695,106.0,
AbFold,1AD9,OK,0.8442536187794777,0.7275929658746518,2.8999214239259317,2.104239091613645,120,2.1780223641762886,1.2924783604719503,2.4409680833533667,6.708517833310004,112.0,
AbFold,1B2W,OK,3.9035014198228577,2.0363050764443185,8.082783420045628,6.057290522280819,116,2.20040954704265,1.9192756031602372,2.4176814114170644,5.303009954595123,107.0,
AbFold,1DFB,OK,0.4362795860767458,0.4647418956657121,2.341910481677872,0.9349482690531543,120,2.8183515868198588,1.8585285479380524,4.728303236699422,7.155536713001283,105.0,
AbFold,1DN0,OK,1.3751518124836974,0.275538010247299,1.5505733119986262,1.017398563620007,119,2.3834157085372434,1.1913525499748892,3.1655088701620304,6.2649001258217165,108.0,
AbFold,1FGV,OK,0.5954251694978266,0.5746649941128615,2.841844253194082,1.0643004745256959,120,0.4682573949966768,0.28163695818445583,0.5577227525094478,0.46934885222922396,107.0,
AbFold,1FVC,OK,0.7050516997116464,0.5191506649332704,0.86396995065093,0.5543075370612679,120,0.2999326198311379,0.2554889832997326,0.535702724263727,0.5741166488929254,107.0,
AbFold,1FVD,OK,1.6590052839248377,0.8427843367463793,3.3265198059481875,3.7229190359824327,120,1.1404900466894967,0.6926813510520258,1.5796357646000538,2.947455526609965,107.0,
AbFold,1HEZ,OK,0.6134341559881255,0.495242946242361,1.3535228352180297,1.0383569560558934,120,1.392921194477226,0.6561400827408023,1.1863070672439868,3.081838828492299,107.0,
AbFold,1IT9,OK,2.16979190344455,1.3232131361206716,8.165692081514056,4.833483328029548,120,1.8843019502669391,0.5846982501782434,0.5922972238104094,1.4710675863889864,111.0,
AbFold,1JPT,OK,1.5425263325618266,1.0152327875716143,5.579670792396626,3.002313811457604,117,0.6097817630071243,0.6490061824750556,0.9422073878038083,1.8172057331565405,107.0,
AbFold,1MCO,OK,4.080714322807039,3.0467046430772964,8.436588277800865,5.940382667993766,117,1.448384752904948,1.7191974246632924,2.784970015292081,2.0308327115831513,110.0,
AbFold,1R24,OK,0.5220838434869903,1.191649691476914,1.5200645334225242,1.0780142810939737,120,0.6305145175090829,0.7115627973943716,1.1691314928685463,1.4195410887496822,107.0,
AbFold,1RHH,OK,0.750615583773699,0.9665985429078661,1.650713811040963,0.8966264929463359,116,2.427742310493865,1.4856860064348587,2.6788816108480304,7.035881223417333,108.0,
AbFold,1RZ7,OK,1.7312105185728461,1.0450657247400936,7.154537154584282,3.670330559839131,119,2.310041493663517,1.3117763637413353,4.3611328598791115,5.982629088831443,105.0,
AbFold,1S3K,OK,2.1971516338042996,2.4297391046483616,6.82473574324699,3.9844034234266466,119,2.587244419590606,1.56850173798611,5.184166321168461,7.450995186636636,112.0,
AbFold,1T04,OK,2.221100524979106,1.0166929768021524,5.228647953706113,4.331334784933706,116,1.9948904169090762,1.3959609905728436,2.423437453960569,5.247597418924263,107.0,
AbFold,1T3F,OK,2.0699082659431056,1.0914090664513225,5.608348506488943,4.388352082570645,116,1.8590299769516796,1.274081555116365,2.40566478319332,5.220341884475042,107.0,
AbFold,1U6A,OK,0.9110920398273398,0.4852314747418581,2.3000962446203825,0.9716883451564178,118,2.7836817673782495,1.6071865543143968,3.8322813381604703,6.449420612868532,108.0,
AbFold,2AGJ,OK,1.473724112786531,0.7630180922755752,2.2277415417324575,1.0975153159567332,119,2.469694339942016,1.3882399155285645,3.036552214995237,6.4015636583326225,108.0,
AbFold,2D7T,OK,1.2320621349133525,0.4806355425660246,2.082784814694313,1.8813418687161638,116,0.34516846488973346,0.20671929784499724,0.7555678871052973,0.866689402720554,107.0,
AbFold,2EH7,OK,0.7321462073509847,0.5184539319707471,5.76257009725335,2.3223155362180794,115,3.1979563951282124,1.4974988076377271,5.285060836541487,7.724559341322205,112.0,
AbFold,2FB4,OK,0.36714130756802243,0.49054220295380696,1.947699187729332,0.8459937631930476,120,0.6101333243682613,0.5692543090773178,1.396489561013668,1.785270754213403,110.0,
AbFold,2FGW,OK,0.3173657333442711,0.5747379604927341,3.017077128159906,1.0526276147514937,116,1.038233293364822,0.5778223770245542,1.1388629862478923,2.1360901948353823,107.0,
AbFold,2G75,OK,2.394849323510706,0.9546515299741126,4.1364635451708205,2.5198852521139927,117,0.9966585017597098,0.3947768198259647,1.2661780372730527,1.4560914309771509,107.0,
AbFold,2GCY,OK,0.6930170841974326,0.40120536135269486,1.1909310886423412,1.7868718410138176,118,1.0077136966666087,0.5958868445931064,1.2000307132211718,2.928269161423532,111.0,
AbFold,2HFF,OK,0.6872547078866592,0.35997945614939675,0.9937467917676054,0.5957736034008125,119,1.1999583652368258,0.8653530795972728,1.6850324243005017,3.1392075311814254,106.0,
AbFold,2IG2,OK,0.40544601252295276,0.6727869635879078,2.016910062054272,0.9356559570688667,120,0.7498792812980823,0.5248155798863904,1.4198236906465938,1.744491035891829,110.0,
AbFold,2XA8,OK,1.414919801155015,1.3120512767165189,2.727588575814523,2.5764981571468613,120,2.354731347127408,1.2325913801473727,3.01179161998801,6.947410684416504,111.0,
AbFold,2XZC,OK,3.770081199462271,3.1964229460937426,9.077049448092696,7.947650058639868,118,1.357323741515731,1.0942172492600117,4.547548202399121,4.322441672996591,108.0,
AbFold,3EO9,OK,0.6773587560340045,1.01254011978237,2.990940403417265,1.9256996733264087,120,1.525974575585401,0.7031395480815058,1.4694301418925706,4.280018133876502,107.0,
AbFold,3EOT,OK,0.5439653515275947,0.38411137067107914,1.2794854486707241,1.2169255228001243,118,3.2557136443908714,5.6488697568486215,2.480161272495511,7.413917046932657,108.0,
AbFold,3FZU,OK,2.168827817142412,0.9766362639079861,4.538272751557524,2.757459861584817,118,1.7364776027135747,0.8934269426557978,1.8226117750658803,4.552527783469504,107.0,
AbFold,3G6A,OK,0.9765833115820469,0.8772116779804533,1.6324850052507833,2.1034994569845487,120,0.6667607236216038,0.4937374444475787,1.024119108938363,1.1208012829996419,107.0,
AbFold,3HC3,OK,5.581689788358786,11.426538755289325,10.758169657050896,10.91327531140714,116,5.359022187050218,4.650786293258195,6.399438438197966,8.603413337320204,107.0,
AbFold,3IDG,OK,0.5574914913436368,0.3295350559686642,0.5946143001103156,0.4089813435116691,119,2.1906252412394616,1.4309562716605517,2.7340401904017217,5.911375590271954,107.0,
AbFold,4F57,OK,0.5502801905939815,1.5058526689078018,1.047838240199161,0.7191527011974608,120,0.4749617569765201,0.40275840183128947,1.067968991403208,0.9750492950740891,110.0,
AbFold,4FQC,OK,0.8581940575790329,0.7216727521440202,0.8779982160451641,0.9660769369449574,117,2.1308960654499076,0.796597327253886,1.5081623080133204,2.826282608466735,102.0,
AbFold,4FZ8,OK,0.6916261129215349,1.2713354511153678,2.3054728657526216,1.043485991606974,119,2.4369493156529796,1.3857416826000986,3.961543985774984,6.255318166401427,111.0,
AbFold,4G5Z,OK,1.418850276458266,0.9859905793700228,6.34463792178706,3.659329247582338,118,1.6166878636788602,0.949614631233794,2.065618241193348,3.574749063203663,107.0,
AbFold,4OSU,OK,0.45166661817481046,0.659376359462434,2.9966343839525726,1.0842161540143238,119,0.9074669009665528,0.22947747305324062,1.217605490752623,1.4756208577999372,109.0,
AbFold,4R7N,OK,1.524946228824111,1.0331425639154168,4.010364801231203,3.343821714015638,118,2.8106289797975044,2.035574016302849,3.848176491640279,6.916935406691344,107.0,
AbFold,4UOK,OK,1.0092371910724192,0.8006362173559286,5.649469370146268,2.322709528048986,114,1.0457835255505394,0.5534727925917579,0.9977347416907395,0.8637667090061597,111.0,
AbFold,5AWN,OK,0.3968395868778986,0.49045509847234464,1.532218344801798,0.8131855696743934,120,1.118676031769071,0.27761379946869613,1.4183326786905817,1.0418078116446068,109.0,
AbFold,5BZD,OK,1.1297998043001827,0.4254920012572439,1.285760163339631,0.7982704254883403,119,2.3802391112617496,1.1371725119821885,4.373278800940217,6.040049369494828,107.0,
AbFold,5CEX,OK,0.8673005613593872,0.5561241403442941,0.6698476138661988,0.8725083879158329,117,1.3651133326938247,0.9042345907107824,1.7100385868241605,1.6127229916345223,104.0,
AbFold,5CGY,OK,0.593237263218074,0.6361365887056453,2.847069092835394,1.1651275307260605,120,0.678879055558373,0.3276953240369792,1.4788080321891495,1.347103917488319,110.0,
AbFold,5DK3,OK,1.1434638782223057,0.6700386078484905,2.840400716643436,2.6132332171900123,120,2.4476147976194125,1.3594898640808633,4.210228673515972,7.174929520360414,111.0,
AbFold,5DR5,OK,1.7609884351750584,1.3203941008302038,5.59840944626704,2.9045672277899586,115,1.9642058069215158,0.8620728683413392,1.8505375417672207,3.8978499545395,108.0,
AbFold,5F7E,OK,1.7830265881766336,1.0647562658459246,7.1381750495133,3.919023246969113,119,2.9899143600042355,1.8191768725331865,4.133757687653503,6.962106618394836,102.0,
AbFold,5GGQ,OK,2.0583290701135026,1.2701006851237218,5.860977427054316,3.765469618589416,112,1.1464707075942286,0.6158243290447765,0.948871573101991,3.1827864001361252,107.0,
AbFold,5JQD,OK,5.993722929324716,1.079145701153172,1.585248044333008,1.7192846217727538,119,3.1432169927187807,1.7142229414125438,3.925414225837202,6.75773461744527,108.0,
AbFold,5KG9,OK,3.4851676214728022,1.9086052497192885,6.326586471767028,4.259390133921173,108,0.9046281394679904,0.5609457342596241,1.9747293948984448,2.100446567778635,115.0,
AbFold,5WT9,OK,2.0046931551944485,1.4505968978235497,5.743704242151751,4.311883203527449,113,1.082187030892064,0.47953112797406333,0.9388538718826127,3.888892387582553,107.0,
AbFold,6MTS,OK,0.6848835590367038,0.4668180835055927,1.0973080341287018,0.7587211216279576,120,1.0158307212839741,0.6413873275688937,1.5052978933232577,1.5736582415107812,109.0,
AbFold,6QN8,OK,0.44357018255266767,0.4633119029907294,1.0777628237278947,0.5719131011004067,116,1.407058329477852,0.8952563144691548,1.7520493237237666,3.47480449328235,108.0,
AbFold,7K8Q,OK,0.7022658599872348,0.8549168719042706,4.683808997045289,1.6337702782397898,120,0.8098359760345536,0.2801789199599158,1.5075396195258592,1.4969703408490314,110.0,
AbFold,8FAB,OK,0.7784101922003119,0.5891190563308002,1.90212242139359,1.7377550589679418,120,1.4643187363042698,1.1005477601985174,2.38477870864853,4.463136404218867,104.0,
ABodyBuilder3,1AD0,OK,0.39576563250667857,1.2170650735160349,0.748418725383892,0.5616378577157894,121,0.34385630992122224,0.3384508268504643,0.6280600436591564,0.4876053660873469,106.0,
ABodyBuilder3,1AD9,OK,0.7666625974789696,0.7497175301686407,1.7853678049541708,0.7988438779207012,120,0.7763422268272714,0.5810675930966481,0.48632426063945977,0.5530362582286499,112.0,
ABodyBuilder3,1B2W,OK,3.2991107712324457,1.7440483494554355,1.3971069362430086,1.4120293050414803,116,0.9489440166809647,1.2540498294870823,0.680284626409377,0.6239717576891596,107.0,
ABodyBuilder3,1DFB,OK,0.4453969838384843,0.45019811483730504,2.2635815380389546,0.8844679717193502,120,0.5787277249534658,0.6031117205269312,0.9540313956895394,0.5336421321040846,105.0,
ABodyBuilder3,1DN0,OK,1.2708180892048013,0.4027667777509057,0.7929377809809521,0.60712574130111,119,0.6557319000268197,0.42858154442848057,0.7262681105230525,0.4931886706890976,108.0,
ABodyBuilder3,1FGV,OK,0.5949571692221863,0.5762381904333496,2.8407701665287015,1.0645757896551193,120,0.517063450653932,0.2897669013477101,0.5761118028183195,0.4821555319300276,107.0,
ABodyBuilder3,1FVC,OK,0.7030378979040484,0.5201108493425044,0.8637076043910875,0.5540772833588904,120,0.3304507341737642,0.24235789498670712,0.51735068993514,0.5852856066605002,107.0,
ABodyBuilder3,1FVD,OK,0.545271847684587,0.44411069395276026,1.30996603764521,0.6128435079386679,120,0.4797441470378633,0.4194154299236413,0.4127223698047184,0.42045328735559345,107.0,
ABodyBuilder3,1HEZ,OK,0.5018436169410169,0.44621418644291383,0.8939475959897093,0.5258489197209129,120,0.488441001687946,0.316168855203761,0.4869469796997802,0.4298153770218211,107.0,
ABodyBuilder3,1IT9,OK,0.5407586389426684,0.5199274993960842,1.2270810175225821,0.604595419264665,120,1.659865903739692,0.7028486084848915,0.4682297757191029,0.6923917726507844,111.0,
ABodyBuilder3,1JPT,OK,0.4097560614677487,0.6840765259625333,0.9614231939075417,0.5029494151959594,117,0.43464540617446595,0.37506939230642283,0.5772484601220748,0.44201723399273757,107.0,
ABodyBuilder3,1MCO,OK,3.277873960331052,2.0737333906047986,3.210163643099165,1.9968691591240326,117,1.3958164315228896,1.5600920789769894,2.8331195961067386,1.3800327596551707,110.0,
ABodyBuilder3,1R24,OK,0.550599104327159,1.2324175975318383,1.3768994428011008,0.8993658222196751,120,0.7214543561980103,0.6517555567031558,0.814840205043722,0.7181987072264747,107.0,
ABodyBuilder3,1RHH,OK,0.7639824528953353,0.9398941967840513,1.6583767096171529,0.8934344200706199,118,0.45240889111964055,0.2937571726852251,0.5831753024531304,0.4222997103552816,108.0,
ABodyBuilder3,1RZ7,OK,0.8410605557369243,0.4830116400564433,1.2363277139251403,0.6204255856968286,119,0.3866197120114265,0.3151741479110753,0.8378937882952626,0.4709985128270854,105.0,
ABodyBuilder3,1S3K,OK,0.458127121236469,1.5477890342631613,0.6198502768055403,0.5882926068950067,119,0.5622801006827969,0.175936393233168,0.5771615472173373,0.4256123582579005,112.0,
ABodyBuilder3,1T04,OK,0.6945066319628694,0.7085016282568035,1.2266941564175804,0.6290832092021028,116,0.5191734302305202,0.48355199514424263,0.6360203072743837,0.5142044000005914,107.0,
ABodyBuilder3,1T3F,OK,0.5137733368597167,0.6639849127121654,1.1119094000058622,0.5221037579390169,116,0.48983473562764845,0.29522206292215236,0.6556759818431491,0.4326917427909341,107.0,
ABodyBuilder3,1U6A,OK,0.9300700579180624,0.5278839593676625,2.187883178786025,0.8867178817356662,118,0.792040603497559,0.39583453040244176,1.1960145593201894,0.5923855497118482,108.0,
ABodyBuilder3,2AGJ,OK,1.283920189023523,0.7351135239667734,1.778439671133237,0.8544764359195445,119,0.6348003822988528,0.3854206001367905,1.2002713733063193,0.5785944168542161,108.0,
ABodyBuilder3,2D7T,OK,0.625750702653592,0.606750164744926,2.390021638771774,0.9396248839703227,116,0.42048101795487675,0.2455081548145255,0.6842902722570919,0.560321636471874,107.0,
ABodyBuilder3,2EH7,OK,0.6236198235978011,0.551739329512707,1.7589619821185665,0.7125029646637122,115,0.8815051305147159,0.5874094053293247,0.6758413858856297,0.6348808011975441,112.0,
ABodyBuilder3,2FB4,OK,0.3369121135254042,0.5379256003352023,1.9801671531806877,0.8594781449211372,120,0.919934401698318,0.5235005498535588,0.5998828309029475,1.067563803111353,110.0,
ABodyBuilder3,2FGW,OK,0.38529066613888996,0.6310824473942285,2.9254926932813823,1.0055909164965968,116,0.6135438621154997,0.4215634926170166,0.630354436091042,0.5499857558522865,107.0,
ABodyBuilder3,2G75,OK,1.087958023598889,0.9188067768310699,0.8382490220415744,0.8686943745406548,117,0.702647110359457,0.44219133247263864,0.821558724369566,0.5234601331799842,107.0,
ABodyBuilder3,2GCY,OK,0.4543060500643722,0.4589426788979667,0.5694725998736835,0.4495380421009079,118,0.5940269049404259,0.3287276443252276,0.8786571794346533,0.4581986961967003,111.0,
ABodyBuilder3,2HFF,OK,0.5972754735165283,0.3126580801074453,0.752467439978995,0.44355031043511073,119,0.44208546814762745,0.3456070742391288,0.448307776188556,0.360444090756564,106.0,
ABodyBuilder3,2IG2,OK,0.4108865315100679,0.7096657348431078,2.024002320227743,0.9502829780154085,120,0.9864153677375905,0.5488188510964467,0.7642916606623112,1.0375621050148387,110.0,
ABodyBuilder3,2XA8,OK,1.3191029023664778,0.8154853331433701,1.9145469729722433,0.9061447088724804,120,0.5318600256240146,0.20854200901253991,0.7788861355213675,0.4933818647287485,111.0,
ABodyBuilder3,2XZC,OK,1.487257724380618,2.199890673324771,2.487808664525592,1.294594500142348,118,0.5224193356334776,0.46581038015923426,2.2784262019152144,0.9329155275656653,108.0,
ABodyBuilder3,3EO9,OK,0.821993905468988,1.01184648999643,2.4121101401248155,0.9915728511821684,120,0.5548520714524532,0.4642702836478103,0.8408454044105379,0.4525600289556541,107.0,
ABodyBuilder3,3EOT,OK,0.4096247925138369,0.4646517515668581,0.7818879724695807,0.4680653756210524,118,3.4648458913797713,5.526669595245839,2.4730400701866855,7.387804633392722,108.0,
ABodyBuilder3,3FZU,OK,1.1861287791933794,1.2358792238507996,1.2937024876765697,0.8544827730893411,118,0.4188731696874483,0.3414302044977625,0.7089330361243393,0.47195277753945186,107.0,
ABodyBuilder3,3G6A,OK,0.4361742164800504,0.6002770237833639,1.0871976559482446,0.5620908590712799,120,0.8478859072711945,0.4130076391797734,0.7283320736945675,0.6102269313844919,107.0,
ABodyBuilder3,3HC3,OK,4.187215360638738,11.586728862785973,4.911848925256009,4.801749908857155,116,3.3593958873936387,5.188365038262643,2.0965475218316145,2.938072030399713,107.0,
ABodyBuilder3,3IDG,OK,0.5566063896346696,0.32882416287028016,0.6223912120297614,0.41506379693942547,121,0.33193835425885376,0.4129860493907051,0.6352311965641548,0.40681256148911676,107.0,
ABodyBuilder3,4F57,OK,0.5351991660095281,1.4324348926173696,1.015117981051521,0.6474137630017557,120,0.6022927646748951,0.39499738701160747,0.7761349094902851,0.5255807249605979,110.0,
ABodyBuilder3,4FQC,OK,0.9096756672366431,0.7428964691224271,0.8078108938832227,0.9944571463427421,119,0.5249614176361898,0.8195077859045143,1.0167327287135712,0.7280154232662198,102.0,
ABodyBuilder3,4FZ8,OK,0.7029935904870636,1.2715945080901037,2.2805546339830998,1.0615213519992548,120,2.220951829009257,0.38866371923836024,0.8404440099199458,0.9652361920402633,111.0,
ABodyBuilder3,4G5Z,OK,0.400605730709022,0.4150172650028577,0.6643351581107945,0.4396631576851252,118,0.4313817755562,0.4498414030322323,0.3092884225937583,0.449570870204267,107.0,
ABodyBuilder3,4OSU,OK,0.4376124230552429,0.6536455054424872,2.93893550299733,1.0558230309705752,120,0.6499880856490827,0.30705460025660436,0.6795497975979358,0.9167671110725655,109.0,
ABodyBuilder3,4R7N,OK,0.9838342213960577,0.4991903364324679,0.984356511974093,0.6474339609026054,118,0.5444776099843506,1.287613684829363,0.42803080279065087,0.523112383463741,107.0,
ABodyBuilder3,4UOK,OK,0.3345962561685614,0.680079031343274,2.500591891111156,0.8442710496815832,114,1.0323580734948574,0.4981633937781974,0.6217093122649774,0.6341000695465772,111.0,
ABodyBuilder3,5AWN,OK,0.35776311121697824,0.48178391692686307,1.4726971469022387,0.7377550221262313,120,0.7380051488225509,0.2937074980449875,1.0391582061445186,0.6628486788101117,109.0,
ABodyBuilder3,5BZD,OK,1.1483117927828659,0.4206500620051495,1.2468239881255538,0.7128701640400896,119,0.5221088885470097,0.3320043973480773,0.6897297039931868,0.5188854664768532,107.0,
ABodyBuilder3,5CEX,OK,0.8752195385357021,0.5334361073863789,0.6430468261403753,0.8377624779410228,119,1.8074511825970359,0.991570530246553,1.623826346771433,1.3846317184696146,104.0,
ABodyBuilder3,5CGY,OK,0.55815221299983,0.6643819304585903,2.714071861665486,1.090844876471738,120,0.41918654585964515,0.5658439509517481,1.0825021880767,0.7759783255240701,110.0,
ABodyBuilder3,5DK3,OK,0.5357680922889527,0.8779905449579611,1.7712096480690944,0.7917509981785684,120,0.640002983624068,0.3934394567534236,0.5268858603308398,0.5006352940907877,111.0,
ABodyBuilder3,5DR5,OK,0.5187332557357716,0.5112096997093655,1.3453370612495796,0.5514533076233388,115,1.1610103084514165,0.391766720304895,0.5766668387358364,0.6573401538585371,108.0,
ABodyBuilder3,5F7E,OK,0.589311954606193,0.5090279512429345,0.6904586214606289,0.5372489891172506,119,1.6416133659451908,0.2893956637112842,0.9700548205401068,0.664095526416484,102.0,
ABodyBuilder3,5GGQ,OK,0.4484100914771069,0.4175954567252088,1.1765696150122025,0.47725241157932957,112,0.35460904389763753,0.3587659093643053,0.42421377715907094,0.5067408910715232,107.0,
ABodyBuilder3,5JQD,OK,5.801203694360574,1.1767450206353955,1.5499372473036792,1.6384495552114804,119,1.9770652435767566,1.2862100352771446,0.5032696643334867,0.7089683842847182,108.0,
ABodyBuilder3,5KG9,OK,2.395061156767398,1.1557129470561636,0.8782676742510083,1.049585794797148,108,0.6858207753457276,0.9121620707732621,1.7792136893795956,0.844281319737138,115.0,
ABodyBuilder3,5WT9,OK,0.4620228173242693,0.4327264838928799,1.3699049707865025,0.5645236027839899,113,0.37278806399426345,0.3852811686538438,0.5710904269245612,0.38559649409565633,107.0,
ABodyBuilder3,6MTS,OK,0.6803944792629214,0.510546505823439,1.1157449684795007,0.7901420748966411,120,0.4253541539416876,0.5876657236096541,1.0592756309583475,0.7545527138309236,109.0,
ABodyBuilder3,6QN8,OK,0.4242903178612063,0.4675062043245122,1.1892833428215315,0.5752606621894599,119,0.45278419533829367,0.48441682840668054,1.039827168611377,0.5601832990651172,108.0,
ABodyBuilder3,7K8Q,OK,0.7048820424720937,0.8525545095662876,4.749877057702558,1.6436685131952185,120,0.5804367431204451,0.5497944537623659,0.8066379965069351,0.7698476448309823,110.0,
ABodyBuilder3,8FAB,OK,0.40068824011003285,0.4426784605391201,1.761671712719454,0.7297345062649943,120,0.6737341452890174,0.6475713026785023,1.6441175505185346,0.6641941236523398,104.0,
AlphaFold 2,1AD0,OK,0.4177544297897101,1.2777868747684822,1.7939362253510318,0.7799516398253791,121,0.29051436402425507,0.1573979479691975,1.0861282957423803,0.4939807593218872,106.0,
AlphaFold 2,1AD9,OK,0.5258455243153436,0.5347491455023435,1.1721165619226865,0.5625962481083734,120,0.3403873551470181,0.5051084972028683,0.5816951760203195,0.45546744489612734,112.0,
AlphaFold 2,1B2W,OK,3.013240683135097,1.4724413765790791,0.935770588439764,1.281415749077225,116,0.9218097785510851,1.2362407116660186,0.4907310088655811,0.5405287656472648,107.0,
AlphaFold 2,1DFB,OK,0.45708974563133814,0.3728209589556896,1.4083632650285145,0.6188213270089251,120,0.4229825814444277,0.58332065830157,0.4547838828410615,0.4903043612379239,105.0,
AlphaFold 2,1DN0,OK,1.4334201727233593,0.7007782462082529,2.2627313058561977,0.9315537196280959,119,0.4631402353373957,0.3260146128513011,0.2700833318109069,0.3707542681790158,108.0,
AlphaFold 2,1FGV,OK,0.6967552219634547,0.6308541065474622,3.0585040941480965,1.167399846918997,120,0.4266176757770866,0.26240289009565965,0.545003040137287,0.4052536438622238,107.0,
AlphaFold 2,1FVC,OK,0.540664219613924,0.4300488992360695,2.0629215942613692,0.8479469548124229,120,0.3854644345432363,0.22701800159892985,0.3661360499071364,0.435945637081168,107.0,
AlphaFold 2,1FVD,OK,0.45520232239902614,0.4103463037096313,1.2693295049243558,0.5464065794157968,120,0.3653244209312528,0.34344992999908447,0.26462083125077585,0.3805458690063244,107.0,
AlphaFold 2,1HEZ,OK,0.45649337486527874,0.4901307697305147,0.8180757369660082,0.45273434238741733,120,0.29354230095354433,0.32344775255571395,0.37442500391177097,0.5271919781712238,107.0,
AlphaFold 2,1IT9,OK,0.6848518807659624,0.4377758080801663,2.6631620385377834,0.9649822762120981,120,1.6122175320624053,0.7056659620799961,0.6357993045382833,0.6808433685494297,111.0,
AlphaFold 2,1JPT,OK,0.29920891915167586,0.39317264385214173,1.1827406374226779,0.5398316976017836,117,0.2447801678698784,0.3043792268930941,0.284925221240272,0.23145416377277028,107.0,
AlphaFold 2,1MCO,OK,3.3236675903937822,2.339524729341214,3.7228156004651303,2.0766754317526925,117,2.122333708141767,1.6148211973938165,1.9359110056057713,1.3386727730304513,110.0,
AlphaFold 2,1R24,OK,0.4861860530353721,1.1827425624284587,2.104200538424902,0.9555340732455905,120,1.1692324965538894,0.5785077986708496,0.6190078080651076,0.6990115389909896,107.0,
AlphaFold 2,1RHH,OK,2.772445329176058,1.2664002416495141,2.5775610399479754,1.3131886411723324,118,0.3472126732691945,0.18519697341904545,0.23092965239542212,0.2723220829174906,108.0,
AlphaFold 2,1RZ7,OK,0.9089709563874547,0.994033565859054,2.082496132876961,0.8028084094508621,119,0.32302810202902826,0.22427892862608387,1.3824725052169633,0.5651313903989648,105.0,
AlphaFold 2,1S3K,OK,0.3451215502967468,1.5684127979101075,0.40443131178767405,0.4962580791614849,119,0.39983199698864214,0.16469158196428382,0.3656026543844313,0.27320187292203685,112.0,
AlphaFold 2,1T04,OK,0.4396600880211901,0.4739410848531722,0.8973049331607528,0.4806984943984741,116,0.26387942253012214,0.39716040657425755,0.3815475017321629,0.555939447923786,107.0,
AlphaFold 2,1T3F,OK,0.1897266224266168,0.48278154239234405,1.377872843732679,0.5019801057235286,116,0.26271196471934605,0.15895090412645518,0.26880413515680995,0.3013001430689458,107.0,
AlphaFold 2,1U6A,OK,0.9783676629733945,0.5482030307151395,2.7833022452264617,1.0090458725475364,118,0.5314778152202596,0.2180479929403801,1.340827869200745,0.6100061679912221,108.0,
AlphaFold 2,2AGJ,OK,1.0420283081023267,0.8095107875864117,0.7845488471528009,0.5990264646607368,119,0.5726755051333692,0.2556151635236834,1.0557857322207909,0.5269566948560375,108.0,
AlphaFold 2,2D7T,OK,0.3753305175851325,0.25624067181875804,1.7478750661930138,0.73885149437458,116,0.22445774918147063,0.21231924562987625,0.5556452456027587,0.5211293393137172,107.0,
AlphaFold 2,2EH7,OK,0.4058809497710936,0.5509315625059946,4.019729981301346,1.1669502840713382,115,0.8704660992023133,0.40777412339615426,0.8521160600965461,0.6348115854487122,112.0,
AlphaFold 2,2FB4,OK,0.2941694887302939,0.5381964591284101,1.066209111628383,0.5443479105319485,120,0.3331713907624252,0.3103930895623382,0.6622364579834992,0.8815749797256828,110.0,
AlphaFold 2,2FGW,OK,0.4382381593917726,0.7136783696294641,2.730693745543683,0.8921297430104306,116,0.402121637215449,0.2893126437121471,0.5134463039059075,0.4617592368651747,107.0,
AlphaFold 2,2G75,OK,3.017838799276705,0.8665012636723718,0.808352386325574,1.1368950863132223,117,0.421818112917057,0.21627028349211788,1.7782022538598885,0.6479246638687545,107.0,
AlphaFold 2,2GCY,OK,0.29865854433585176,0.3572143253681385,0.5336729918774682,0.365730165845136,118,0.5547216672497837,0.38333069115539437,0.9171545963526927,0.40239547482662014,111.0,
AlphaFold 2,2HFF,OK,0.5767830691011778,0.3964314610540405,0.9603110257430613,0.47514892749619153,119,0.18051373320641323,0.18656243280938992,0.36290746217839226,0.26615066470717924,106.0,
AlphaFold 2,2IG2,OK,0.4562146775429805,0.5423878737653497,1.2597704765685065,0.6885278307333227,120,0.6423549665262143,0.5743040674463281,0.9322265223822007,0.901731972461676,110.0,
AlphaFold 2,2XA8,OK,1.5353053610787997,0.6846343914460052,1.881689002564414,0.9338056375249011,120,0.4151236955776443,0.13334190815356825,0.5623545702368993,0.39685712936658113,111.0,
AlphaFold 2,2XZC,OK,1.434249515666939,2.3770348449916217,3.4460728694988854,1.474695351138309,118,0.35470470413238275,0.19639764776174456,0.4190152680260515,0.7398312819092223,108.0,
AlphaFold 2,3EO9,OK,0.459993644106397,0.7800684557156571,1.749463935221645,0.7195093608407597,120,0.42955016251202266,0.3386486433031727,0.6170934284914414,0.5925207462446194,107.0,
AlphaFold 2,3EOT,OK,0.29948652550884,0.4194924338383138,0.6696725819245298,0.31448934836184494,118,3.463807851471239,5.6709060022226385,2.235361540325305,7.416189054797721,108.0,
AlphaFold 2,3FZU,OK,2.5925303712079155,0.37720104896773016,2.2175068410390635,1.0949959014513955,118,0.3820501204721618,0.29530579479147007,0.4500715437556641,0.39071083260144185,107.0,
AlphaFold 2,3G6A,OK,0.3448317354273794,0.4268244789059069,2.4227295151752517,0.8660394615186037,120,0.3511509284445732,0.17190281276557778,0.3091828637764205,0.5145724233801194,107.0,
AlphaFold 2,3HC3,OK,0.35454201298621,0.28717381070854886,0.710304855839948,0.8467338164020858,116,0.36093551373904337,0.4261539884984108,0.2831156579009682,0.3144430730205929,107.0,
AlphaFold 2,3IDG,OK,4.005603552894399,4.332405251064983,4.578324800309476,2.500980353043403,106,3.9787411212665003,4.2068571722981165,4.707911497242142,2.5809696249847947,106.0,
AlphaFold 2,4F57,OK,0.2492365760272933,1.06191078765313,0.5256659165066441,0.395075453934809,120,0.46078457758008545,0.19884772599379713,0.8345091627239537,0.42162182643889023,110.0,
AlphaFold 2,4FQC,OK,0.9972959032791032,2.087614395129264,2.7016875490411483,1.3840340139253986,119,2.5369210081257965,0.43721994729867214,3.208586498842935,1.663039803428934,102.0,
AlphaFold 2,4FZ8,OK,0.9207585882955203,1.3991743876155036,4.512229829003266,1.6731267427337544,120,1.8792980546873868,0.35754987549812334,1.1760948727293699,0.8539304595485057,111.0,
AlphaFold 2,4G5Z,OK,0.24746574892543421,0.5497856095957826,0.6684900618244933,0.38781308568941975,118,0.25426859145330805,0.24282795088039127,0.35987751581300154,0.4873063347100622,107.0,
AlphaFold 2,4OSU,OK,0.36913475621943354,0.3603343151683335,1.5124112803393952,0.5688693704830292,120,1.0025901415355174,0.3591701344332156,2.7441535490682623,1.1657997255355308,109.0,
AlphaFold 2,4R7N,OK,0.9066959200106871,0.7362009316043452,0.9147973957071484,0.6760084862734469,118,0.7130777974925351,1.365463731479647,0.3633758941174384,0.5384255358694495,107.0,
AlphaFold 2,4UOK,OK,0.3929998152924882,0.7073054797258729,2.7001378943869048,0.8821670038102686,114,0.9167454364806232,0.4242873167096614,0.4409140482216887,0.5554473763045584,111.0,
AlphaFold 2,5AWN,OK,0.4102027566287011,0.5578319769962278,1.5147765786895186,0.7469411514197081,120,1.827037228391889,0.26304160774915764,2.2871449843461815,1.0765652793897074,109.0,
AlphaFold 2,5BZD,OK,1.1230053627411078,0.42907403177873793,1.0217062778644745,0.6366718062945412,119,0.7532380316306152,0.3323589239445105,1.7107505740258409,0.5973395124086969,107.0,
AlphaFold 2,5CEX,OK,1.1090608845000043,1.229336494248156,2.952656341071217,1.2213127181422152,119,2.2543913040360284,0.8693151182933128,3.6307853975556843,1.725247196087827,104.0,
AlphaFold 2,5CGY,OK,0.6842750782387034,0.6020231616450686,3.7993546411992707,1.3879509214980883,120,0.8485745628264306,0.321533497955895,1.5644319415745425,1.1126275899642875,110.0,
AlphaFold 2,5DK3,OK,0.31766604200981485,0.30644475399850396,1.0931722203717171,0.5234148534055358,120,0.41396197719302263,0.21454701520781663,0.4949090955042076,0.48607113369736277,111.0,
AlphaFold 2,5DR5,OK,0.33556915019281436,0.3556552665584142,0.549447218523861,0.36220546958947436,115,1.9626771027300873,0.24326879192266504,0.4970992400920076,0.6609415692862026,108.0,
AlphaFold 2,5F7E,OK,0.28793207032417467,0.28103572023446766,1.5339838996477577,0.6678851256028165,119,1.8712570420763646,0.45989342586312504,0.7631205223521669,0.641580627906932,102.0,
AlphaFold 2,5GGQ,OK,0.3432261071242944,0.27192923169106026,0.4138815209688014,0.3650406968532188,112,0.1733942212657835,0.17005310584800967,0.3008971062756533,0.4013428912541433,107.0,
AlphaFold 2,5JQD,OK,5.740531982210237,1.243611860308228,1.8985843821476056,1.6524838560665407,119,1.9553332776602137,1.1804330822319917,0.4708139965723113,0.6857711976046091,108.0,
AlphaFold 2,5KG9,OK,2.3311756004709627,1.1013848788398872,0.8187726458276625,0.984436999251411,108,0.4473176732087687,0.3835620198177897,1.0823052144195153,0.6188682549796971,115.0,
AlphaFold 2,5WT9,OK,0.37154229750436424,0.38774810956340006,0.4455533090658754,0.34257185464579354,113,0.22482815919205154,0.13351581314946623,0.3049713235876104,0.25770266247788104,107.0,
AlphaFold 2,6MTS,OK,0.5211974400191108,0.7373585201933841,2.50691303745974,1.0043111490822663,120,0.6152805370698681,0.46863011933625953,0.5285455149901362,0.5884067952403909,109.0,
AlphaFold 2,6QN8,OK,0.7498766852528326,0.5513317465155596,5.95116940200207,2.109222930981322,119,0.5027377953757641,0.6924795642679745,1.2590384114852977,0.8685036247034755,108.0,
AlphaFold 2,7K8Q,OK,0.6705387872151454,0.8910563757203366,5.239512627191405,1.784396362636052,120,0.583437661142374,0.30151415342134796,0.7649497002959927,0.552598573919152,110.0,
AlphaFold 2,8FAB,OK,0.2701466316236263,0.3985462947773701,1.3636170478514504,0.5601046553426035,120,0.6298905796352114,0.49305452249121706,1.4461160048716002,0.563453193347499,104.0,
Boltz-2,1AD0,OK,0.34651509467434494,0.9885376543160231,1.3757298317093014,0.6421521113078263,121,0.3325914006912765,0.17134992867523974,0.29400574441796273,0.36839569974787867,106.0,
Boltz-2,1AD9,OK,0.913653052380394,0.4849428480659869,1.981358134637061,1.0360787924030277,120,0.5066910013572483,0.3892622779290964,0.7082498688828267,0.46113784183516376,112.0,
Boltz-2,1B2W,OK,3.028420440515903,1.4473706478624422,1.0344213994950404,1.2653626237025881,116,0.9179926876358966,1.1522107411154474,0.48133471020085616,0.6805309093069549,107.0,
Boltz-2,1DFB,OK,0.4056946874437984,0.58304647771706,2.0185595305756054,0.7860520667554696,120,0.40858496838402153,0.5907591297570994,0.4884103733647842,0.44032559106436847,105.0,
Boltz-2,1DN0,OK,0.6562367000971244,0.5697626415567204,2.556902244784768,0.932805685058676,119,0.5496015237691093,0.399787896027897,0.23930224477336637,0.3964592970732833,108.0,
Boltz-2,1FGV,OK,0.6515792061731249,0.6615305300305313,3.7967103243963125,1.3400973677532972,120,0.29278745884664154,0.17192790079194875,0.39817629767358687,0.5019431761288787,107.0,
Boltz-2,1FVC,OK,0.4989915961345294,0.511520636683561,1.8621450387131817,0.731456018157494,120,0.28473021035230567,0.2390951825274366,0.3220531357985335,0.5649255062928673,107.0,
Boltz-2,1FVD,OK,0.3915312712401923,0.3046397399593759,1.3525625880125722,0.5512024864571172,120,0.34253489084803884,0.3211144608964897,0.18438714023655225,0.3544838586376091,107.0,
Boltz-2,1HEZ,OK,0.41747735612353987,0.5526529702928413,1.3234804703159984,0.5763053086580999,120,0.36822610844827236,0.2681064055643921,0.370284252017033,0.40259468477186255,107.0,
Boltz-2,1IT9,OK,0.26141164444719966,0.35129520471826836,0.6009390470548511,0.37788576625580034,120,1.2877949699812385,0.4433806052404352,0.5347177263381985,0.5576075920153774,111.0,
Boltz-2,1JPT,OK,0.2519423843279261,0.25397077688296826,0.35012051415724865,0.26775114076520745,117,0.2183513187627988,0.24336987463740903,0.3271557494771027,0.24181861520838444,107.0,
Boltz-2,1MCO,OK,3.298030831425749,2.5744382115056696,1.5451581844749414,1.8664921610069192,117,1.2814068073158822,1.6764648335307057,2.6064320864957016,1.313005843447659,110.0,
Boltz-2,1R24,OK,0.537467096601482,1.0942285580826903,1.766805752525096,0.9371618480363516,120,1.0257176311150578,0.5998775371252288,0.6457816902186915,0.7671354613512102,107.0,
Boltz-2,1RHH,OK,2.7923705892066275,1.319150237465036,3.51546061590362,1.5433817313084595,118,0.29944922981016825,0.11571917212982928,0.38049600998223404,0.3305336907803207,108.0,
Boltz-2,1RZ7,OK,0.35806649970590454,0.6272473408142165,0.3589001506790458,0.41740723425362,119,0.19587977575121668,0.13905203554283133,1.6494935656848773,0.7209392664433555,105.0,
Boltz-2,1S3K,OK,0.21473759830202022,0.5782467133325012,0.2710664495697073,0.2312363956505219,119,0.25425085329657177,0.11659641719192775,0.22962604312392781,0.27279696572165957,112.0,
Boltz-2,1T04,OK,0.5859356513115948,0.3526680571749927,1.4852274239052452,0.5930593549117384,116,0.21565671436815012,0.36465758090106654,0.43775215642800386,0.6708709491115359,107.0,
Boltz-2,1T3F,OK,0.23826929200629374,0.46352269285237946,1.5393607668833238,0.5307565470270638,116,0.2385903456197168,0.1579944377767091,0.36861141060091557,0.2568563376118252,107.0,
Boltz-2,1U6A,OK,0.8606927248460674,0.7020438626767518,2.059926457928387,1.054392285025198,118,0.5844119481521756,0.1609682599062956,1.2064559533540733,0.5687559005424301,108.0,
Boltz-2,2AGJ,OK,1.0403651216986463,0.8302924741836792,1.8329374968237666,0.8178704156040111,119,0.6858114685838536,0.2279240674461385,1.2436564892531699,0.5324200126668326,108.0,
Boltz-2,2D7T,OK,0.4979554668797103,0.2438648608771407,2.295746823084812,0.9764083973347862,116,0.8672150558410797,0.18995173559409545,0.6540283971631692,0.53558092622379,107.0,
Boltz-2,2EH7,OK,0.3535793114183025,0.4631118546471009,3.2165105791071995,0.9640908619386922,115,0.7972527185523678,0.5049148878336881,0.5991895408812072,0.6198129675818194,112.0,
Boltz-2,2FB4,OK,0.3121895681689457,0.24897648165113792,0.8959427411774765,0.5630711695940303,120,0.2531611872117578,0.16493298503469006,0.31059959582955343,0.8500442295787577,110.0,
Boltz-2,2FGW,OK,0.5558358823334422,0.8006862711341032,3.000974730468989,0.9866640696656239,116,0.36558053947564034,0.283058501693224,0.4646854671882405,0.4321549084507831,107.0,
Boltz-2,2G75,OK,3.1175849287427626,1.4020332561034883,1.9251528212981592,1.3144011127708664,117,0.4560404402313251,0.3800769397355315,0.572552956706882,0.39243843379465587,107.0,
Boltz-2,2GCY,OK,0.23944383157789167,0.32227082163472176,1.023409366473504,0.47290144952155255,118,0.6107603210935112,0.27634439684851286,0.9373368072007283,0.4141941455249392,111.0,
Boltz-2,2HFF,OK,0.6267947274437136,0.2949552138965041,0.5660878189101701,0.3536900890736168,119,0.20680320168098698,0.19496601360476445,0.3527552128783491,0.44037079385356104,106.0,
Boltz-2,2IG2,OK,0.3801775215223254,0.5993321104932446,1.0245021597920714,0.683931676548433,120,0.38710892439791034,0.5696081548478644,0.43341167063748565,0.9167062993116862,110.0,
Boltz-2,2XA8,OK,1.2876602703418534,0.9870048845548406,1.8623256553599095,0.8921546626397242,120,0.4228495297207779,0.18237247986683552,0.629972609234011,0.4090301196336958,111.0,
Boltz-2,2XZC,OK,1.594922491713139,1.734507312940065,3.1858603854181653,1.377870106440527,118,0.4732267842059018,0.1451905305991063,0.580648580576582,0.8845482837872306,108.0,
Boltz-2,3EO9,OK,0.3066785756377052,0.4396752215826193,0.5629159447232234,0.41928518992653196,120,0.3768055301923878,0.1932380866374661,0.32758387722222054,0.5291197960130005,107.0,
Boltz-2,3EOT,OK,0.3100602889414252,0.2666170378350043,0.6051960912247577,0.31876607559510806,118,3.353871337804866,5.761478311763291,2.3476080306283986,7.335357155593802,108.0,
Boltz-2,3FZU,OK,2.480213919857192,0.49236587600105947,1.642653941473205,0.9881604787129386,118,0.3984640891509733,0.33327115954172776,0.5318680906906864,0.41037848481395184,107.0,
Boltz-2,3G6A,OK,0.2536246901534852,0.43750776346545717,0.40100036860973026,0.3142918885514613,120,0.522637672026175,0.3885841563083807,0.7049034668718954,0.5334980750001734,107.0,
Boltz-2,3HC3,OK,0.30999269734567836,0.2294868698429862,0.34007049414400087,0.619916125553033,116,0.34407759909105023,0.2077958821312073,0.33905579921659873,0.25814749037966755,107.0,
Boltz-2,3IDG,OK,0.10073816308094635,0.11705535071810967,0.1372122356766734,0.11255501378658335,121,0.11065563172020744,0.06215386123580792,0.12732633513963054,0.1007475668070577,107.0,
Boltz-2,4F57,OK,0.21086441488151433,1.132268378608976,0.47859821958020204,0.39472004240308506,120,0.47476062108379996,0.09054474410413357,0.8090475952356736,0.38303265816028675,110.0,
Boltz-2,4FQC,OK,0.3376029134179632,0.4363856210912319,0.9160162438282642,0.9104079672302374,119,0.3876369488286934,0.18213767245696272,0.5651183287325802,0.44737501518525724,102.0,
Boltz-2,4FZ8,OK,0.47429010723834314,1.2063137594750986,1.5337511215865989,0.8140878317665888,120,2.0374095758648454,0.22957438567274818,0.7543855666374821,0.8576940893205462,111.0,
Boltz-2,4G5Z,OK,0.3924562464296647,0.32124051005969156,0.44059982636458095,0.3148852353293795,118,0.19476323979961827,0.297483357851516,0.36228209005599177,0.3755207578003201,107.0,
Boltz-2,4OSU,OK,0.31484661422528104,0.3921106431296042,2.745213442765115,0.9585938679403416,120,0.7479345107932582,0.17593859016546343,2.0659325563871356,0.8578311618169577,109.0,
Boltz-2,4R7N,OK,1.1423124613125513,0.5459752197428825,1.3246875344182487,0.7150237487325244,118,0.6685977564203803,1.3030441353580198,0.40263221442935054,0.576967414436133,107.0,
Boltz-2,4UOK,OK,0.384935486795571,1.0408166798213003,2.808844660884512,0.9552196084013707,114,0.9114969796206435,0.45230409196533256,0.36513091412996346,0.5993332060480233,111.0,
Boltz-2,5AWN,OK,0.32288895434661297,0.7306791350608264,1.0206499396863944,0.5371409940426555,120,0.41326569118482065,0.3206664267504946,1.5200948399006369,0.8182146253824736,109.0,
Boltz-2,5BZD,OK,1.3586121367539965,0.4955262570396747,1.5410052208115463,0.7956481640863213,119,1.9532879212258127,0.2821582316191884,0.5047994236141203,0.6538193699879875,107.0,
Boltz-2,5CEX,OK,0.5990709392791042,2.452854473526134,0.6563310055163821,1.019666744982194,119,0.923312744410654,0.4136363593612813,0.9786717241991368,1.2444612798356292,104.0,
Boltz-2,5CGY,OK,0.5769111654940503,0.9055679870297336,4.7269448816049735,1.6933667606037746,120,0.7590459783148427,0.2080617508144249,1.2980243415260475,0.9802093359435337,110.0,
Boltz-2,5DK3,OK,0.25218010455212836,0.40622278051631827,0.37986269055343425,0.4577490001721662,120,0.4764557438753745,0.19541847594553266,0.3267142165675642,0.3637619436914999,111.0,
Boltz-2,5DR5,OK,0.31354156959662416,0.35009419068627956,1.3440424598874772,0.4789210958462201,115,2.0490551539540096,0.2983923718049013,0.47018077049984325,0.7377690901856941,108.0,
Boltz-2,5F7E,OK,0.27267832402145414,0.17841411069483765,1.7963224641893423,0.7046278462310359,119,2.038883654026004,0.5201390206714653,0.8739428281703939,0.6938676951396282,102.0,
Boltz-2,5GGQ,OK,0.30706822793835725,0.2481605366449576,0.6464479476234829,0.33686781612317207,112,0.13355996788280416,0.20279463364858832,0.2602365973865882,0.43139288102656115,107.0,
Boltz-2,5JQD,OK,6.687202061048195,2.4610307892104957,2.277323021535891,1.9684384314752197,119,0.8952254175680322,1.1731115864448811,0.32073019304420797,0.5395643925974811,108.0,
Boltz-2,5KG9,OK,2.3441572359991496,1.195734924621226,0.92198054874271,1.0133521043837577,108,0.4178055008112874,0.3018608614263392,1.0004797763773108,0.5571791416677794,115.0,
Boltz-2,5WT9,OK,0.49324917598758206,0.4605593386375908,0.6311146213732669,0.34667461699107066,113,0.19569461452192952,0.13655027159152264,0.20116874560229356,0.21766914356047642,107.0,
Boltz-2,6MTS,OK,0.4870282910076292,0.641502243274194,2.217503108477574,0.8702875768991918,120,0.7026672278450471,0.45145384048736864,0.29902074419224256,0.532226257583803,109.0,
Boltz-2,6QN8,OK,0.5070251136961977,0.3784138926711742,6.708322645679214,2.3115449566786754,119,0.6955191112508319,0.5333484526590094,2.0857479263538696,1.0420985294016873,108.0,
Boltz-2,7K8Q,OK,0.7343135719752585,1.0354487444553229,5.642869607256531,1.9240485112546546,120,0.5498409328167856,0.3093890261301289,1.0039451901090677,0.5975607832348654,110.0,
Boltz-2,8FAB,OK,0.28001566345004136,0.5251700783467337,1.3280098556568871,0.5779060745578722,120,2.147326471630112,0.5634485979161196,1.6077453963035735,0.833390167005919,104.0,
Chai-1,1AD0,OK,0.45314565391299094,1.130283671397176,1.8993583168398542,0.7671706276573454,121,0.3781283068607304,0.28000305305401724,0.797844079355221,0.44183740878933603,106.0,
Chai-1,1AD9,OK,0.6010179586729004,0.40910181537086826,1.1838101162484904,0.5435779684936473,120,0.4864831659892426,0.3164374679698684,0.36015278951825236,0.4181539301003587,112.0,
Chai-1,1B2W,OK,3.0798042786330577,1.5166630395470972,1.852683426093466,1.37319914484115,116,0.8951836584425575,1.2012749028857435,0.4681460677977646,0.5310491849313699,107.0,
Chai-1,1DFB,OK,0.4520519708692152,0.44860085079516376,2.074403568018021,0.7964109635968226,120,0.4643495852766155,0.6071241075350089,0.34784232141569554,0.48427886378393575,105.0,
Chai-1,1DN0,OK,1.2152066482523138,0.3892001406297303,1.4169438604684836,0.6423073336329627,119,0.551970914646203,0.4442901360328201,0.38377377655060385,0.430369356785426,108.0,
Chai-1,1FGV,OK,0.6520981143529587,0.5787767684670396,2.937073781797417,1.0775206110697537,120,0.3727533471070445,0.1895102974713811,0.38468171389682093,0.3835078959032801,107.0,
Chai-1,1FVC,OK,0.6432833688957892,0.365273844024783,2.287788827522353,0.8600571068073147,120,0.3315556408487328,0.282578185715409,0.42050056705299477,0.40291342063923224,107.0,
Chai-1,1FVD,OK,0.4777093274441136,0.32800232603569784,1.771454226926369,0.6920066845720294,120,0.3926057386269824,0.2929279480800211,0.2962921462612795,0.3202606471583413,107.0,
Chai-1,1HEZ,OK,0.37818444421457126,0.4094917918013756,0.6312355659380184,0.37910106931885423,120,0.2968410089797798,0.2614226234672086,0.3352931507951117,0.47644679657132954,107.0,
Chai-1,1IT9,OK,0.5041315815879269,0.376013439820626,0.5454009847545116,0.4058125875484571,120,1.453505922438284,0.628163881386725,0.4365720378019886,0.5947394480795322,111.0,
Chai-1,1JPT,OK,0.18812070682665494,0.30547891272501015,0.45008192316704937,0.40649566962057965,117,0.24462810416108388,0.2646638168743849,0.4263940951382789,0.2973634800347652,107.0,
Chai-1,1MCO,OK,3.2876524068179287,2.6366160851743055,2.0825464793556097,1.928066753970563,117,1.1780159521317342,1.603966691448598,2.6171801035404574,1.2997668966526825,110.0,
Chai-1,1R24,OK,0.5072403428875563,1.1172251471071535,1.8289291550177997,0.9745524839236601,120,1.1392416686763145,0.5838259429004151,0.6430344683061097,0.7174535929702259,107.0,
Chai-1,1RHH,OK,2.8105598305742654,1.3634884457642285,2.4604598063671292,1.3031756804255878,118,0.3911931974980915,0.18232776946725635,0.30989881178609835,0.2965651576065623,108.0,
Chai-1,1RZ7,OK,0.36653104041396806,0.613711994533597,0.3893802681465089,0.3455006141020703,119,0.2961609915519851,0.13600929028763442,0.9111189859404956,0.4546246283057423,105.0,
Chai-1,1S3K,OK,0.6400383112548087,1.8862105963339524,3.208928180519803,1.1926298099395263,119,0.41844495656961656,0.13337486548300018,0.27351971844158796,0.27888649016748945,112.0,
Chai-1,1T04,OK,0.5059548052272702,0.38541470105928344,1.8189323927321148,0.6685130479863075,116,0.2009514550325072,0.4173108701977508,0.5062281993441713,0.472536872201671,107.0,
Chai-1,1T3F,OK,0.3000996657261129,0.48140227978653466,1.5215815174877214,0.530950080857609,116,0.16912009204459197,0.17055977757252,0.25717427910154855,0.3030708562830341,107.0,
Chai-1,1U6A,OK,0.9787252551538551,0.7335864344276566,2.940007783324352,1.2683341423387642,118,0.4423341672848026,0.24851669937463042,0.885901441444169,0.4822753648405494,108.0,
Chai-1,2AGJ,OK,1.3608895935010323,0.8327286522381884,2.6073461013601436,1.0582376494835892,119,0.5011263349381349,0.2324494531934294,1.2735674798423124,0.5079248765561006,108.0,
Chai-1,2D7T,OK,0.5232924754592959,0.3437859056357255,2.013916694544636,0.7954347404322114,116,0.15847219340675578,0.22545869971925867,0.2656956303022548,0.5351654186923764,107.0,
Chai-1,2EH7,OK,0.5036732225537714,0.7671597995069547,1.920221347571715,0.6950930960238393,115,0.7990037425458304,0.4666862973726325,0.43610271356943986,0.6316426912261595,112.0,
Chai-1,2FB4,OK,0.2667249371724085,0.44931236844008726,1.4420747214487433,0.6648316014380614,120,0.3183273483425645,0.44341432179377605,0.3786875276343982,0.887214399129579,110.0,
Chai-1,2FGW,OK,0.5698855626345987,0.8863864569994782,3.04120139920967,0.9980584235614848,116,0.3403414402322095,0.2887409382212754,0.3325054915249789,0.4293857105702365,107.0,
Chai-1,2G75,OK,3.1515079531437373,0.8748495818288334,0.7952270769656244,1.189166446789079,117,0.46169137036395935,0.39352551840731365,0.6141050389886055,0.4271785375125486,107.0,
Chai-1,2GCY,OK,0.27062220786897784,0.390135763101034,1.5275273016878936,0.617603697567207,118,0.5607068652883502,0.3015908004718969,0.9819368401541475,0.437379957779572,111.0,
Chai-1,2HFF,OK,0.6562149979793854,0.3299109291185749,1.7475657618821308,0.715887709438311,119,0.23826922778272072,0.17777833992464076,0.42208027594338793,0.4672350631573801,106.0,
Chai-1,2IG2,OK,0.4529838772597035,0.41768620619256314,1.449229680680355,0.7732165449072762,120,0.6101732754422327,0.5158105035907563,0.5041880757985113,0.9802559684277725,110.0,
Chai-1,2XA8,OK,1.5728390319202896,1.0253606378843376,2.5458950252211308,1.1342512109996479,120,0.6092624949307857,0.10450326392034387,0.6871934515226586,0.5805387234582409,111.0,
Chai-1,2XZC,OK,0.5929752101632897,0.5274270524791776,1.6392626761696043,0.8171022702798845,118,0.259688601735367,0.16386193230885462,0.41108274425999175,0.3715401921253501,108.0,
Chai-1,3EO9,OK,0.3489888508503401,0.5843505194520844,1.5855447798488274,0.6934241123045938,120,0.4950698562203342,0.28934094867724575,0.2883915753997346,0.5078066657381329,107.0,
Chai-1,3EOT,OK,0.32214277595904683,0.34686110823816263,0.5902804476517307,0.3606122508906289,118,3.4973442892888444,5.789223016739572,2.2256086966817983,7.360274281111232,108.0,
Chai-1,3FZU,OK,4.125404697878204,0.7023612214221651,2.4731532006332615,1.5191519416884833,118,0.3026084875681527,0.3486331274065216,0.3679291233092848,0.3392019797496448,107.0,
Chai-1,3G6A,OK,0.29606792313268193,0.45385144770561375,0.8769750329677592,0.49652424955069685,120,0.5149400217282326,0.3122591892848735,1.8119691857295106,0.8010367691039911,107.0,
Chai-1,3HC3,OK,0.3208085907469519,0.2579371733531906,0.8453321312478516,0.8778804504729409,116,0.3174491113781614,0.27272629166699636,0.2754716773252127,0.27775210074801787,107.0,
Chai-1,3IDG,OK,3.902276068879406,4.267562447968565,4.6959710004772015,2.539008873014357,106,3.911946939253205,4.1989787622146615,4.812952636866088,2.6028765628697745,106.0,
Chai-1,4F57,OK,0.28420633962651176,1.356189076191927,1.2333491292135175,0.596978578811812,120,0.518586042621483,0.20889492385579314,1.0421308625734527,0.7823974265860194,110.0,
Chai-1,4FQC,OK,0.5113265371317075,1.2606329044521034,2.0828568642379333,1.1761914317161182,119,2.0208543401257755,0.4027414141278515,2.4654871522423463,1.492374513117479,102.0,
Chai-1,4FZ8,OK,0.9565257348125529,1.30099880157805,3.824044603427739,1.4709088296138195,120,2.336888490908418,0.21304723360926794,1.091989136074599,0.9589799249952009,111.0,
Chai-1,4G5Z,OK,0.34811460080662443,0.5268782936821403,1.120427383080114,0.47222489854754207,118,0.2447629641071938,0.21923281765192992,0.34714401786178245,0.39152134746850237,107.0,
Chai-1,4OSU,OK,0.18921995587791218,0.2137640105791226,3.1679118841634146,1.082513942059547,120,0.5874171081800255,0.1461805651179492,2.083024210791811,1.1101914801758606,109.0,
Chai-1,4R7N,OK,1.1743871613678454,0.6020326025842496,1.14631446036242,0.7089822079071029,118,0.693129275301001,1.3118511211444566,0.2854357363688577,0.5768414994002654,107.0,
Chai-1,4UOK,OK,0.44481888013097665,0.5405023355647,2.765777501212986,0.8595803080546682,114,1.2447325496874988,0.4224416289948338,0.46549463903674054,0.611482925971954,111.0,
Chai-1,5AWN,OK,0.34030769459091337,0.6087257479358444,0.8134931408711147,0.5495329195633964,120,1.7428255270357829,0.3299286634897593,1.4077417024571832,0.9474859359584688,109.0,
Chai-1,5BZD,OK,1.2168520265311153,0.45266942624056894,1.0369083370108854,0.6766603977775617,119,1.9468219006634042,0.3345548024482237,0.6313591857093067,0.6444374961559742,107.0,
Chai-1,5CEX,OK,0.6760194639056355,0.5766395520069331,1.0367586224623397,0.7652609169778094,119,3.28967865003813,0.4513722517371758,3.225562139888485,1.7599069324720933,104.0,
Chai-1,5CGY,OK,0.3250188605870805,0.7826268311790788,4.578399863796028,1.6152991705105018,120,0.82966329939779,0.5014694354523287,1.3673820648570307,0.8463250711071744,110.0,
Chai-1,5DK3,OK,0.30279882237485867,0.3875257340772993,1.6762478425325102,0.7293352233000481,120,0.3908625481283642,0.16336127630167788,0.32814375615780833,0.49754565227894365,111.0,
Chai-1,5DR5,OK,0.41607368435863273,0.32165579898291063,1.3727290613590906,0.5502622251681754,115,2.2546392243756883,0.1991279795319268,0.36236913958900746,0.7796135909143802,108.0,
Chai-1,5F7E,OK,0.38277623840546005,0.3330986996494609,1.8237368306997446,0.7025013939154635,119,1.9250786333399004,0.5290622629538927,0.6223504680875525,0.656763413457262,102.0,
Chai-1,5GGQ,OK,0.40721235515840576,0.36890325083274716,0.9314245206079029,0.4459008122509224,112,0.2238316286344503,0.08815206471676933,0.2617007256826168,0.4611147735496208,107.0,
Chai-1,5JQD,OK,4.765583284604424,2.515402801500348,2.3799145305665457,1.6492786758257614,119,1.9331635003993657,1.1827506886190933,0.332964888643661,0.6604643745223068,108.0,
Chai-1,5KG9,OK,2.3512645395633776,1.2082909109677444,0.866777469007167,1.0413749389171865,108,0.4568198513626896,0.35784107191092185,0.9262848129081993,0.5654647869621011,115.0,
Chai-1,5WT9,OK,0.4835916088641922,0.43053093112386304,0.7463440638022881,0.3756595517021884,113,0.2753255445415498,0.20274825493682355,0.3283185543025521,0.29845870676493963,107.0,
Chai-1,6MTS,OK,0.5511988382273921,0.7820570661594317,2.089150693660298,0.8779569469491971,120,0.6153044599968599,0.47888715632656653,0.5478763179630886,0.4759747479600867,109.0,
Chai-1,6QN8,OK,0.816511055967769,0.542749585545903,8.21684290356449,2.805021447377928,119,0.5363425928822668,0.45789251852985635,0.7550161391504363,0.8034627300115886,108.0,
Chai-1,7K8Q,OK,0.6660737173846023,0.8940864130171661,5.289941753460232,1.805619579733809,120,0.2836567278417759,0.2920409665562277,1.0099454182730043,1.012880014658034,110.0,
Chai-1,8FAB,OK,0.32698260078964075,0.34815737616186276,1.5563404346535668,0.6268132656982119,120,2.4280243251590936,0.762442925517939,1.3867881066879277,0.8935244839811451,104.0,
ESMFold2,1AD0,OK,0.28292738450209093,1.2379273667363697,1.6876191054959349,0.7118044923629643,121,0.4761820458976144,0.2556141247379735,1.8397700209381702,0.6284407243865664,106.0,
ESMFold2,1AD9,OK,0.3196827624672626,0.6822080217206921,1.8670879650330852,0.7858893722680235,120,0.5460058985609412,0.35469885014833297,0.2940191162493329,0.4189928973038487,112.0,
ESMFold2,1B2W,OK,3.042850785906103,1.5464050067111108,0.8656000215633031,1.2687743524011947,116,0.9195969455450818,1.1713994159507481,0.46521321572099583,0.52195740311118,107.0,
ESMFold2,1DFB,OK,0.4391950980364752,0.4275367842570317,2.957323847335855,1.078952245685006,120,0.3567920367111062,0.6177671598686173,1.06123935800843,0.5100287326554044,105.0,
ESMFold2,1DN0,OK,0.9683692586445799,0.3205560787263848,1.499752894270372,0.6334237489505423,119,0.34744027151003654,0.3830199363374607,0.2957527498271279,0.3388742002623522,108.0,
ESMFold2,1FGV,OK,0.6975079306285255,0.4926049332218645,2.9086846773213413,1.0493434276344082,120,0.37038752943951303,0.26336884920913994,0.27296329701378275,0.5636975656006811,107.0,
ESMFold2,1FVC,OK,0.8049615397393883,0.5145486625317095,2.5235800709919056,0.945626668973343,120,0.27549648766699897,0.2429050359728577,0.5088765625803744,0.5321625465592579,107.0,
ESMFold2,1FVD,OK,0.5543500536138706,0.36390167838636395,1.911302565833926,0.7185485595863315,120,0.3554363374426359,0.3172074162024388,0.4028765603316531,0.398347401317751,107.0,
ESMFold2,1HEZ,OK,0.4344436754012642,0.38326360868720855,0.6205098080837358,0.40470949148110213,120,0.3284095565437101,0.2694110814521198,0.3866098939926348,0.46599664141740316,107.0,
ESMFold2,1IT9,OK,0.314927752123305,0.34688968639419687,0.3781584779193518,0.3333621396405165,120,1.4013218534739251,0.4400839179598764,0.483859892630643,0.5821687156934482,111.0,
ESMFold2,1JPT,OK,0.32258819562342517,0.38465436846015566,0.4264025295099939,0.34022903064188315,117,0.1587606994262806,0.20020727193680415,0.3848516721617905,0.25589316507840176,107.0,
ESMFold2,1MCO,OK,3.321715715389087,2.6868973373228333,2.3585076479725715,1.9668448107902528,117,1.291355341894914,1.6198008839262066,1.2893797572006696,1.1176652960949818,110.0,
ESMFold2,1R24,OK,0.532934389569124,1.1308756975111487,3.161080679254054,1.2650971287625759,120,1.1273856902451094,0.5904796513750823,0.6269130564702418,0.6863273586786494,107.0,
ESMFold2,1RHH,OK,2.8833701925505997,1.3091836391875797,2.580480440338456,1.3577518767824162,118,0.3887870956815661,0.08702973260943919,0.26660641786467354,0.24348309470195487,108.0,
ESMFold2,1RZ7,OK,0.2710578974707544,0.3950672160559572,0.3154752327219678,0.3081095956056543,119,0.2548454764065456,0.06950283543778889,0.8438826550954903,0.44607198627970873,105.0,
ESMFold2,1S3K,OK,0.2929402831167574,1.5192003320023484,0.33723837542867297,0.4612743345749807,119,0.2719203055553053,0.11459193933838627,0.28651678731178465,0.22003075746347436,112.0,
ESMFold2,1T04,OK,0.4372554923164449,0.4832623281410983,0.6437912051863808,0.40201390345901294,116,0.2483232229246991,0.320249771975397,0.3262797030093052,0.3806089740064967,107.0,
ESMFold2,1T3F,OK,0.18903001385424498,0.5112838994083704,1.4558811814648522,0.4936880460690542,116,0.29870750210056213,0.13875734461189146,0.42512641996207245,0.29099331695469605,107.0,
ESMFold2,1U6A,OK,0.6140318313085374,0.5386788122348619,2.874144961353822,1.216321187629125,118,0.666839572791251,0.16828788754523324,1.0429243015005745,0.517495326726898,108.0,
ESMFold2,2AGJ,OK,0.8012670734678384,0.7471211975963918,0.8823194597953784,0.5628899221353917,119,0.5161023568024915,0.2713634474112798,1.1579904751090484,0.4893848274318318,108.0,
ESMFold2,2D7T,OK,0.4261011593577332,0.2174596198118821,1.691555221712996,0.7162640260473925,116,0.11616668078078388,0.14960830575080292,0.3826728638738633,0.41810585479664014,107.0,
ESMFold2,2EH7,OK,0.6901694944667933,0.651219505361699,4.1305474213855256,1.208795451273714,115,0.8094014002461514,0.46673155525879,0.562215243593445,0.5945277545345148,112.0,
ESMFold2,2FB4,OK,0.21476529072180608,0.4076621860142967,0.9565058684734746,0.5305814288521642,120,0.3633007508486398,0.33393697865032307,0.35373780283451395,0.8307843486248052,110.0,
ESMFold2,2FGW,OK,0.6559953059150772,0.6135464379121183,3.6648173092363323,1.1216076449756165,116,0.32117374146519134,0.27180613815824384,0.2795086806679699,0.41180277796278936,107.0,
ESMFold2,2G75,OK,3.2692022626563055,1.0507296927689311,1.7198409669544397,1.2840138852066396,117,0.33696878303544653,0.2813704842838723,0.4794942680695174,0.36386303449155505,107.0,
ESMFold2,2GCY,OK,0.2990018371660989,0.3387542362286892,1.1311689713432302,0.4913804250426461,118,0.3679769060092382,0.1474480857134126,0.9217941969083637,0.5284819355939887,111.0,
ESMFold2,2HFF,OK,0.7012167153032982,0.5313599024528084,1.5346932450898714,0.6493084678560498,119,0.1727218803767552,0.13077761025792584,0.603440267332154,0.2958842942329998,106.0,
ESMFold2,2IG2,OK,0.42783105135205535,0.5140207955069497,1.6495684527495798,0.7531854445981258,120,0.4525485328251185,0.4389025979101819,0.4055933591894965,0.8693955997292769,110.0,
ESMFold2,2XA8,OK,1.3279413023224056,1.117467732340526,2.0219457600008477,0.9506543738025618,120,0.4934800189457029,0.13578611497778895,0.5255475283833189,0.3801518259447676,111.0,
ESMFold2,2XZC,OK,1.4942244384307726,2.7552602077773387,5.377202135366316,2.0475445750920263,118,0.29702520579810343,0.16169707344061104,0.5935418530736926,0.47701160168759965,108.0,
ESMFold2,3EO9,OK,0.38207727896620425,0.5645410311450115,1.394296309786956,0.6061282664990161,120,0.3591168201120963,0.23418971859942558,0.3669390950876351,0.4657562043664227,107.0,
ESMFold2,3EOT,OK,0.2620537233519202,0.3874969804358006,0.6602781216669164,0.31483655563531493,118,3.4465234207132696,5.759129985166396,2.246082441978223,7.397580386590564,108.0,
ESMFold2,3FZU,OK,2.625583299375298,0.3713865490760187,2.645466691517717,1.1681054621312774,118,0.3273300437295321,0.3344033484988847,0.30997076622172953,0.46381015113139673,107.0,
ESMFold2,3G6A,OK,0.26832453470579115,0.4644872096511217,1.0542760118870476,0.5322470074418373,120,0.45388312288632465,0.1884022069559558,2.2413791444674875,0.8909665226276964,107.0,
ESMFold2,3HC3,OK,0.419541064802379,0.32802467417944164,0.2793826862461869,0.7997958096124126,116,0.3041209211021446,0.24000742472939812,0.28911335993965137,0.30192200871225905,107.0,
ESMFold2,3IDG,OK,3.8882079300892483,4.296440337082107,4.739175591717291,2.566878568888436,106,3.855977393961564,4.243845176412283,4.747041590504683,2.5651242787116293,106.0,
ESMFold2,4F57,OK,0.2057303937561868,1.134789512919814,1.0667851493253138,0.50485087471148,120,0.4132377073051925,0.17970984463607587,0.5424555930497899,0.4184931562250901,110.0,
ESMFold2,4FQC,OK,0.5131796282764016,0.25986896846653723,0.7787647682598291,0.8946496421559961,119,1.546394744206059,0.637367348255104,0.6399063537946488,0.9736228316481048,102.0,
ESMFold2,4FZ8,OK,0.9849606612304708,1.4033436578836307,4.734854417194499,1.7590531087585142,120,1.9278050179430684,0.33500919235912796,0.48756412879927,0.8043847856275087,111.0,
ESMFold2,4G5Z,OK,0.3046798582296277,0.38887232772612934,0.49726781646418206,0.34722165820939016,118,0.1892158993026021,0.2505956559198084,0.3144350221501466,0.41725801082217895,107.0,
ESMFold2,4OSU,OK,0.18946421845758976,0.15837935253917027,3.2159449349582943,1.0848183684045634,120,0.6602715005271443,0.2332083835210837,1.7246709791097459,0.8852724784915853,109.0,
ESMFold2,4R7N,OK,0.9491932302635205,0.5431572965274172,1.2809698843231654,0.7081182298392305,118,0.6666644358572699,1.2874585030956591,0.3134275169849055,0.5176504441757059,107.0,
ESMFold2,4UOK,OK,0.45412253732374813,0.658726479050996,2.666496310221389,0.8853816689171636,114,0.9660844535282066,0.4457839503785874,0.39910097275312734,0.5713928883354384,111.0,
ESMFold2,5AWN,OK,0.2944495005801303,0.7835201644401303,1.3315909482484272,0.6355208723796186,120,1.3073139796164044,0.46340603623709625,2.9390279844680314,1.1317165548800283,109.0,
ESMFold2,5BZD,OK,1.186927261851654,0.30585925386877205,0.9952615177544335,0.6393070885170165,119,0.286146723856764,0.2271996954017917,0.3152464915768899,0.32225280302492615,107.0,
ESMFold2,5CEX,OK,0.9778379034394008,1.2045594659043448,2.6665179571537685,1.1641461601031067,119,3.3361253973666254,0.2952753791836199,3.395987116344849,1.725670041486805,104.0,
ESMFold2,5CGY,OK,0.5567449368505835,0.7835311054238318,3.901457717451432,1.4276179298018195,120,0.6311078563144056,0.3431458009178293,1.689800297688404,0.729126917214808,110.0,
ESMFold2,5DK3,OK,0.24651146973687155,0.4069138817695325,0.4129774878586514,0.4121964566304075,120,0.4458082669567329,0.13860922693737257,0.32843187642662364,0.4822281902991008,111.0,
ESMFold2,5DR5,OK,0.3531012345170797,0.3334918276953416,0.8907031814776234,0.37781172716930495,115,0.8141222305877225,0.24768980911533983,0.42311285253378894,0.38932081487785325,108.0,
ESMFold2,5F7E,OK,0.2882731024468102,0.2804935276601389,0.6024221304776735,0.3755899545332151,119,0.9188529777114673,0.33049613102855874,0.2466857282226612,0.3654808717972937,102.0,
ESMFold2,5GGQ,OK,0.3089171567179596,0.20492565042398728,0.5072811274942468,0.34383458415151147,112,0.1284724186673932,0.16508815017754425,0.3322268868138807,0.44763667199025514,107.0,
ESMFold2,5JQD,OK,6.392169610775507,2.2327871742854715,1.0627702825089234,1.7886084600355319,119,1.015073009657508,1.1356167947089615,0.3953878684203874,0.49587048113665966,108.0,
ESMFold2,5KG9,OK,2.352795139423723,1.1368317742746012,0.7919425524266674,1.022257336883212,108,0.4056832108062529,0.42678665380045544,1.3578827640532465,0.6914664362517504,115.0,
ESMFold2,5WT9,OK,0.2361826686183343,0.35849407234729014,0.18153315304061157,0.3079947471891348,113,0.208856343429163,0.13940910568066295,0.28986740583396736,0.20089549000639578,107.0,
ESMFold2,6MTS,OK,0.47654527880622316,0.5363853517078515,1.7912932244916362,0.8518649745700172,120,0.6350044031476157,0.5133742869188157,0.3514259775732105,0.5174127951390567,109.0,
ESMFold2,6QN8,OK,0.2778937350615012,0.28656622877209265,0.7625122199472338,0.4862201522844494,119,0.3649625407883155,0.3418310622820497,0.688344582647059,0.46729504730650906,108.0,
ESMFold2,7K8Q,OK,0.9855328010474822,0.7943501362556221,6.28991887529577,2.1416052837018698,120,0.5156593955319994,0.2214968246926494,1.026053455356477,0.4963410487823424,110.0,
ESMFold2,8FAB,OK,0.1665226983863965,0.384478643699637,1.6087969138271547,0.6334213198039295,120,2.6269327647950167,0.9163079171819414,1.2409193660831874,0.9244925130372834,104.0,
Ibex,1AD0,OK,0.41605163574175447,1.0476820286325086,1.9078457683631307,0.7526490985965311,121,0.4430699246782085,0.2020189002520173,0.526452280136458,0.4718875378107139,106.0,
Ibex,1AD9,OK,0.5315342038583364,0.6321607878250611,1.987893451681257,0.8045913179705926,120,0.4709787275317445,0.39434821384975643,0.30923333560237776,0.49563402260465717,112.0,
Ibex,1B2W,OK,3.0185649420720115,1.4790571467053442,1.2332378039112124,1.2939508575420744,116,0.886840073190282,1.1900473704650822,0.4782544253170187,0.5417212583747691,107.0,
Ibex,1DFB,OK,0.6122294213192602,0.420785804914755,1.9451250700183342,0.8497239936972106,120,2.065159653045417,3.03840604514946,2.1616688010058875,2.567466661514651,105.0,
Ibex,1DN0,OK,1.3685096969911554,0.5347924350741592,1.1410543465194978,0.6441479219628035,119,0.5985081655632027,0.35879514365575915,0.4234996709779561,0.4404493018542417,108.0,
Ibex,1FGV,OK,0.5704392720124069,0.731787056295247,3.1770014003920624,1.1734240491680175,120,0.3429110421941085,0.39961373390122934,0.3075732455207441,0.42955584500756366,107.0,
Ibex,1FVC,OK,0.6269817388870085,0.5078693286887923,1.5341001722104473,0.6802784144958673,120,0.3134088362247919,0.3959751906997087,0.5741969005070283,0.5052795610151657,107.0,
Ibex,1FVD,OK,0.45496706181848895,0.4560343911098201,1.3838549000020488,0.5909761350165591,120,0.4619376916389325,0.3594555251238988,0.4181964945791574,0.4392620331673074,107.0,
Ibex,1HEZ,OK,0.5344452962900991,0.38796922459800526,0.5503991988493823,0.43060542061371826,120,0.3081234330247603,0.30314309533712397,0.4799673072663495,0.462856479729648,107.0,
Ibex,1IT9,OK,0.8121563950732991,0.45215579643651344,2.0333188064579986,0.8223428578062579,120,1.3381375242853892,0.6841727524117738,0.3475190536196121,0.578661732456609,111.0,
Ibex,1JPT,OK,0.4211818259527795,0.4910930444401584,0.508445734142711,0.42012516472447914,117,0.31753698336508873,0.32931227656378853,0.3138897936502259,0.3975384271095055,107.0,
Ibex,1MCO,OK,3.229307555563777,2.500288862438359,3.3630565062686206,2.131759781426334,117,4.011895085246081,3.0317803757092094,2.215003734124778,2.5675102327171957,110.0,
Ibex,1R24,OK,1.5100470905719223,1.4372142959171594,3.2313692597355623,3.0923350865547645,120,0.7970391447598818,0.5896012653672602,0.6888118930000728,0.7346475838362871,107.0,
Ibex,1RHH,OK,2.4545574266110233,0.8514219146164739,1.8479576243772613,1.1288607113908544,118,0.4802294889464088,0.41703833432344617,0.35534483597285466,0.3691299145425502,108.0,
Ibex,1RZ7,OK,2.4865561347739114,1.7893607424376852,1.7908429312670098,3.2684340334909243,119,0.32863834754942567,0.26173043537037705,0.7411108924836215,0.4523005432068408,105.0,
Ibex,1S3K,OK,0.5635185913668662,0.5653863108332043,0.8094494634400392,0.5993067741872516,119,1.6458376050986878,3.507465264701823,2.474560536339351,2.956886205898744,112.0,
Ibex,1T04,OK,0.6359264341219869,0.5961948377024957,1.3640178455977954,0.5939950453526194,116,0.37510826101201183,0.45559852420466956,0.4437977547758784,0.4408489740199945,107.0,
Ibex,1T3F,OK,0.4744511296766674,0.5514639425392562,1.131180181787116,0.48562153023985877,116,0.29605351375501227,0.2908298701867019,0.3301289540273093,0.3509120012882379,107.0,
Ibex,1U6A,OK,0.4602698986780496,0.5176027016613365,0.6094113007858916,0.4656149410808578,118,0.562884908576257,0.4331673234303179,1.109765749959931,0.5837174770208736,108.0,
Ibex,2AGJ,OK,1.0848315618185824,0.8948441246979668,2.387809897259815,0.9683391434868517,119,0.78091963841896,0.3235052135137763,0.9715564603733958,0.5319699444908551,108.0,
Ibex,2D7T,OK,0.49879839604345866,0.4235180380173395,1.937112995038815,0.7677149822314862,116,0.4122066360690393,0.39982883264081526,0.4777128314686545,0.4722388985077728,107.0,
Ibex,2EH7,OK,0.5359013233057787,0.5439368280879625,3.8911331738114434,1.14715553351188,115,0.8168602816365645,0.398853888112037,0.5102765184223471,0.5810988034831704,112.0,
Ibex,2FB4,OK,0.5271655425625135,0.3747806474458372,1.05659990201274,0.6593542732858491,120,3.7207196691311397,3.019488621434974,1.2246826467361078,2.6936723962399745,110.0,
Ibex,2FGW,OK,0.5836498381095984,0.7052288127474436,2.695723003062285,0.9277711936517486,116,0.47050091703095115,0.3633482324676044,0.4288924849015188,0.5207275644722678,107.0,
Ibex,2G75,OK,2.323678187489043,0.6819572542207629,1.1947986149102896,1.1157244288476742,117,2.380347934041113,2.7506137529355876,1.5129143539903562,2.6556926813522446,107.0,
Ibex,2GCY,OK,0.4531444604306216,0.44062882467757125,1.07204798062163,0.5216078473878241,118,0.495720298947898,0.4864653347787672,0.8282446242736086,0.49627798633067793,111.0,
Ibex,2HFF,OK,0.6692478196954823,0.514252562857185,1.0475571401428656,0.5469671419806211,119,0.4903371974514285,0.15606744120528596,0.47659317521078226,0.4481146440287127,106.0,
Ibex,2IG2,OK,0.571004811908781,0.5317884257709261,1.2010500846445598,0.8204704590928054,120,3.5727760427343713,3.239765615430909,1.2822903171548143,2.733109968565875,110.0,
Ibex,2XA8,OK,1.3128746401196285,0.9385316770844712,1.9847635161911419,0.9703834166734934,120,0.5056312513800638,0.295564945523539,0.5496621937132817,0.44538330082332694,111.0,
Ibex,2XZC,OK,2.2924941990544205,1.9779040334853355,3.463722344139165,3.3224012675180847,118,0.41736212877958045,0.16630671390059243,0.6056774104039591,0.6243082920579786,108.0,
Ibex,3EO9,OK,0.5397023250919822,0.6603901957412496,1.4637932187104143,0.7034824340137771,120,0.47559978904949235,0.25962819984780827,0.6105547599421546,0.4564529594028117,107.0,
Ibex,3EOT,OK,0.31838552073412174,0.39895824719669515,0.7904739878252598,0.3902813771487196,118,3.5145340417069537,5.968389043079302,2.42255830495488,7.454610617086791,108.0,
Ibex,3FZU,OK,0.7783893359540779,0.47896245672082355,1.5947264381527109,0.7650951424573925,118,0.43490502657734953,0.3598557663276737,0.5685775197560236,0.4574104524498404,107.0,
Ibex,3G6A,OK,0.4265316710683171,0.4914481057896811,0.7140639539423048,0.5351891286684388,120,2.795400726679104,2.754133835757974,1.9330327956912516,2.7112944518717392,107.0,
Ibex,3HC3,OK,2.070240618750992,0.9782308308373997,2.2093936918473163,3.1084122589231202,116,1.8646482227803762,3.4227827466170644,1.5600110123587285,2.216310572269887,107.0,
Ibex,3IDG,OK,1.455350760242892,1.446044358531353,1.9443944133536075,3.0354108698188362,121,1.7881555538017109,2.4346897380474872,1.9159641424715173,2.233461319907964,107.0,
Ibex,4F57,OK,0.46755232447103884,1.2775368115994314,1.2806564337971833,0.7008300531917987,120,3.3967801279964354,2.963082831743292,3.017518611070016,3.0381529692554627,110.0,
Ibex,4FQC,OK,0.7737524598185137,1.3116386422184019,0.7662835040475368,1.0611391398212318,119,2.3158914520691054,0.9160356750421408,3.4076434785501366,2.847152796665433,102.0,
Ibex,4FZ8,OK,0.8773621296899153,1.2918550995363813,1.9675096508895273,0.9890139999121984,120,2.027088487242136,0.4703287093809452,0.9138787629770502,0.9045706469570463,111.0,
Ibex,4G5Z,OK,0.5101722187095329,0.6038860154546648,0.8827585365311651,0.5918274915790704,118,2.105354808144181,3.536319275189581,1.7266417842644215,2.7904240885428875,107.0,
Ibex,4OSU,OK,0.4265263457609655,0.3446635581059487,3.3986986233253504,1.2588637087382588,120,3.0489282016584625,2.646192317332196,2.69275961436796,2.8933683636925323,109.0,
Ibex,4R7N,OK,0.9182306967193402,0.4356943603164292,1.0564274716390623,0.6891712382738476,118,0.712075559551028,1.2525818023958333,0.6021903447507478,0.5563211096967248,107.0,
Ibex,4UOK,OK,0.33370861281717734,0.6846116225101307,2.5651122808093487,0.894534186150764,114,2.42715606947172,3.750744256472666,2.127424443845569,3.2154478369219883,111.0,
Ibex,5AWN,OK,1.2821797957467544,1.033360507966592,2.5147099599454785,3.23306980161284,120,3.499229666308077,2.2963107371715483,2.413472728189017,2.977821499814273,109.0,
Ibex,5BZD,OK,1.1019310035576457,0.5923351288829061,2.041471867358977,0.8975516780497991,119,0.5603680627092971,0.3260898603178408,0.4858338466671838,0.46064021089278756,107.0,
Ibex,5CEX,OK,0.6240301267720558,0.3182797471687254,0.8341973107680156,1.0102468690399877,119,2.915883239738141,1.6389279073651624,2.7830093170361434,2.9861383811031446,104.0,
Ibex,5CGY,OK,0.6201151179477082,0.38951688745490104,3.3728531700921085,1.2993675875909525,120,4.599086212583677,2.704418804948822,2.622713733445614,3.3101752603781276,110.0,
Ibex,5DK3,OK,0.24430225006365383,0.43119094885829773,0.5707495262715286,0.4732680290116309,120,0.47205790562381866,0.19207740376143875,0.3014388781906655,0.46245197541335004,111.0,
Ibex,5DR5,OK,0.3943465293141258,0.4982815028185459,0.8675194063816973,0.44442059864758543,115,1.2769079982906781,0.5557212092162197,0.4657754227685082,0.593372285725618,108.0,
Ibex,5F7E,OK,0.6059665666047471,0.3156804144577464,0.8723273898624949,0.5761327950366956,119,2.541699748040632,3.32468030873158,2.7332446093628384,2.8407531563779544,102.0,
Ibex,5GGQ,OK,0.3071313059701298,0.3201346600739408,0.5161260959334466,0.39908612861528436,112,0.2397166824984447,0.29147002984417886,0.3325575590603476,0.39691336128028876,107.0,
Ibex,5JQD,OK,5.44529592374461,0.7620046043558383,0.6794566420751289,1.489406326717102,119,1.948658890535541,1.1668514244886048,0.4620849771074704,0.6808762206834491,108.0,
Ibex,5KG9,OK,3.074769555770462,1.8926571921806343,1.7778266360977995,3.2680710995391453,108,2.466484870340618,3.425540372033124,3.599952993739599,3.1114290136135847,115.0,
Ibex,5WT9,OK,0.7064342807719801,0.4437955198795432,0.4984930600009206,0.4544330631734305,113,0.3636240457988773,0.30210547649507785,0.32034480594375986,0.3748008766845726,107.0,
Ibex,6MTS,OK,1.4825004043784178,1.1070289336462527,5.09475205747687,4.039787312245107,120,2.2688896227860953,2.7746084541651355,2.382910928658073,2.7366963296748876,109.0,
Ibex,6QN8,OK,0.9220596211661443,0.49714342288640806,1.9587707110905699,0.8902779622701861,119,3.271495833142186,1.4189503662956713,2.879090217042546,3.0189660750163836,108.0,
Ibex,7K8Q,OK,0.7674014260657864,0.9666686542473062,6.062925490359471,2.104647813085986,120,3.1406273057107117,2.715409825779977,1.4713061195769164,2.7586134922230676,110.0,
Ibex,8FAB,OK,0.3240522070668171,0.44226814766387773,1.1595430173398775,0.6312902536210975,120,3.1257929773237723,3.115374199346286,2.683180431581411,2.605117168286171,104.0,
IgFold,1AD0,OK,0.3185865263174102,1.2624629542184895,1.6328599681911402,0.7811554156894792,121,0.5294416584140711,0.41598247534610533,0.9624852047465083,0.5894092926785992,106.0,
IgFold,1AD9,OK,0.611294494531452,0.5803251223046035,1.4389109285245452,0.6950375778804926,120,0.7084913178143721,0.6109616578730164,0.5994418907722615,0.6151254868974642,112.0,
IgFold,1B2W,OK,3.057223966600055,1.6394282907027404,1.1929950810941843,1.33926270322866,116,0.9036101923917206,1.2270043603444485,0.9413871232308312,0.6576272835813759,107.0,
IgFold,1DFB,OK,0.5036722364090794,0.5037295662234121,1.2964782309542855,0.6208177469225707,120,0.3746461221780335,0.5997442256922338,0.9566031764450986,0.5942651929737597,105.0,
IgFold,1DN0,OK,1.302504802155731,0.37247647981428256,1.5842553119889227,0.751487054043403,119,1.8160041885768048,0.40125781896820584,0.9266573420775053,0.7155142662245682,108.0,
IgFold,1FGV,OK,0.6914933532158732,0.6061195671311799,3.211297008202099,1.1827227507583375,120,0.8709320522000894,0.3983659110749743,0.616005483016813,0.5523004962879388,107.0,
IgFold,1FVC,OK,0.5497701919393979,0.5334854375089758,1.4373907842528295,0.6436812860134127,120,0.41913963037746477,0.2956031538096081,0.6363522185294703,0.5415829075847488,107.0,
IgFold,1FVD,OK,0.5637035693993433,0.5179180951438194,1.6800483607813124,0.7142828888086218,120,0.4257710357971291,0.41553789013333636,0.6889937066798651,0.5514607419692716,107.0,
IgFold,1HEZ,OK,0.6217434513364067,0.5234989716296392,1.8070126954902495,0.7481550782192862,120,0.32669631185028636,0.2785702669768994,0.687246889924765,0.4984058186798261,107.0,
IgFold,1IT9,OK,0.6395352154927255,0.4099113222005401,1.9129494014448956,0.7810762158967753,120,1.3515446938839966,0.6851285743075445,0.8409832466697016,0.6616872570319843,111.0,
IgFold,1JPT,OK,0.4116037240714802,0.5538075172685156,1.1918757217860518,0.6179724052987143,117,0.9067557866758432,0.2684920200059631,0.7771496909411042,0.5377723748113958,107.0,
IgFold,1MCO,OK,3.3233909252594125,2.4070058234481064,1.6250266538045244,1.85111712887609,117,1.2072894051906875,1.4771146444601404,2.1286201412005807,1.172910360621246,110.0,
IgFold,1R24,OK,0.5886704429730253,1.1471369918767576,1.8362016283926572,0.9379508975227918,120,1.128374567838443,0.6333987165518349,1.0012460530149465,0.7999979660230898,107.0,
IgFold,1RHH,OK,2.4232174109331135,1.2194595686627097,1.8862861769337687,1.159189389105198,118,2.044578491596475,0.18469157548001314,0.8814424111889098,0.7369105106993733,108.0,
IgFold,1RZ7,OK,0.6999954158006066,1.062611834083479,1.5289879595139397,0.7485599786626286,119,0.3575914729428095,0.1731689669611487,0.9773480178113984,0.5861174835322771,105.0,
IgFold,1S3K,OK,0.6961082796063947,1.5030016677613594,1.6594356458528106,0.7457584997873264,119,0.8059414249555028,0.1944698004221062,0.7654977589464922,0.5568905029829577,112.0,
IgFold,1T04,OK,0.6203273552498569,0.6230809614769641,1.2765064195782276,0.6289980772054259,116,0.2831013467440772,0.29266062320190617,0.8059454809428652,0.5749413508363467,107.0,
IgFold,1T3F,OK,0.4380586050171743,0.5779511438003457,0.9920580248055151,0.5206411838965905,116,0.3649361435387228,0.1621793079599623,0.6922174656677528,0.49893291066235057,107.0,
IgFold,1U6A,OK,0.9064167450410419,0.5816307472164636,2.3494463245022237,0.9507438234181915,118,0.8642382397191125,0.22828719263182026,1.8286873294819548,0.7812038213584227,108.0,
IgFold,2AGJ,OK,1.2205377588038946,0.7583484932226804,1.5822779216727945,0.7753151847995909,119,2.0077698698158004,0.17224980556155817,1.3016420006482534,0.8070837924742826,108.0,
IgFold,2D7T,OK,0.4009721292802666,0.4583855100739711,1.8476475332856501,0.7471461327999069,116,0.20782149428449306,0.32962903148564104,0.7604320028674078,0.5964610271700072,107.0,
IgFold,2EH7,OK,0.4347502438629114,0.4487490859133152,3.193696525122294,0.9785347526651946,115,0.8214898567795937,0.43657527118846395,0.8005907817041511,0.716561159117228,112.0,
IgFold,2FB4,OK,0.2958578072544512,0.40587702474397647,2.0076503302841924,0.8467097339796525,120,0.5031721858242431,0.41197672190059964,0.9035707170118941,0.9195934081576949,110.0,
IgFold,2FGW,OK,0.6125941648064491,0.7684903668369746,2.8180361703983787,0.9927788284383686,116,0.8855486358328577,0.4632838387726382,0.6918407141870805,0.6444311426964519,107.0,
IgFold,2G75,OK,2.9769790191524432,0.9554374374088694,1.4602294299691936,1.2259962715611854,117,0.5841883077302695,0.3528194442898864,1.425931840375119,0.6064255563208854,107.0,
IgFold,2GCY,OK,0.26647415018666926,0.45192860709745514,0.6655269103239797,0.4932181841131831,118,0.8752775571677146,0.309237478375349,0.6976815042927477,0.5666163136736923,111.0,
IgFold,2HFF,OK,0.7358865793973803,0.6786206591465783,1.3252456802460673,0.5860442884063237,119,0.3634754710249005,0.19932354742876343,0.7530547334117711,0.5734089054234244,106.0,
IgFold,2IG2,OK,0.33135313089020796,0.5723068928020435,1.9778146638200964,0.9084694921994796,120,0.5784862208824071,0.6060427344716672,1.034627681102585,1.0621968286216874,110.0,
IgFold,2XA8,OK,1.5378220192162955,0.515899618321561,2.1770460329484824,1.02098010614691,120,0.720430877574087,0.24939787581272158,0.7314534531983394,0.5961327404932376,111.0,
IgFold,2XZC,OK,1.4198523258117872,1.8622540259909373,2.06916081346076,1.1375488031203866,118,0.42083382837771277,0.3420978320974126,1.4543948309734758,0.9076478085721139,108.0,
IgFold,3EO9,OK,0.49502277622479274,1.2662650201488668,2.236260386276034,0.9770913824788771,120,0.6137295862815415,0.3617586054813519,1.0024919546023638,0.5612243725335015,107.0,
IgFold,3EOT,OK,0.34425055632903767,0.4016442330255979,2.2335147585403035,0.7976736249395228,118,3.575425315291531,5.877153527125661,2.021656494508277,7.300903527901501,108.0,
IgFold,3FZU,OK,1.892549519101948,0.9846417786577615,2.0810838182415283,1.0404930462371897,118,0.2827585329603714,0.3368442521674438,0.8159924775480178,0.4989241284851055,107.0,
IgFold,3G6A,OK,0.41575864506160504,0.5029973814143379,2.1071898162198046,0.8787614614797498,120,0.5247421153868738,0.3684767808195181,1.5024928082677536,0.7067314289206359,107.0,
IgFold,3HC3,OK,0.48206458038832156,0.6441084459767228,1.415463055230348,0.8936543412612328,116,0.37131883201719185,0.303184827147594,0.838465092143881,0.5083403833279293,107.0,
IgFold,3IDG,OK,0.8327900707428908,0.36519965202334154,1.2806226607045823,0.5920946015263275,121,0.3651954048403602,0.3454047186955025,0.7826086600880106,0.5169231498410991,107.0,
IgFold,4F57,OK,0.3665711717365713,1.3617834420006443,1.5597966762435764,0.7451346132744596,120,0.6534935074665019,0.31840369306201655,1.4456253860043005,0.685533768954232,110.0,
IgFold,4FQC,OK,0.8496613709506896,1.8940595981622508,1.359250102908493,1.2244901852046717,119,1.5325323862392748,0.51370371163067,1.5082211238790721,0.9711058181933436,102.0,
IgFold,4FZ8,OK,0.8321539648823989,1.3812940069037447,3.3812537866451455,1.3317703063576716,120,2.0053629524008882,0.43221267082898995,1.278838928581831,0.9135884970609612,111.0,
IgFold,4G5Z,OK,0.2766591997326214,0.6782891513850882,1.0507297845987507,0.4630193435038791,118,0.38152228403390825,0.3788101470174488,0.8222413745407102,0.535430275438937,107.0,
IgFold,4OSU,OK,0.5637997076015009,0.5248383332845964,2.7710833554360947,1.0242428928297147,120,0.7056924150437432,0.3322409349084284,1.5241321442181635,0.8453361551519555,109.0,
IgFold,4R7N,OK,1.275451511820469,0.7809550469552072,1.4872933631273568,0.8376131976796718,118,0.7510531480167589,1.2545372107871942,0.7994736547380451,0.6551155464949154,107.0,
IgFold,4UOK,OK,0.3846435745642637,0.5845407213267485,2.623317572192314,0.8809793639967551,114,0.86860999281411,0.369441618791274,0.6935178984298166,0.5311297881377383,111.0,
IgFold,5AWN,OK,0.4198713484582933,0.6196698657120213,1.8576031361909644,0.8676318779085825,120,0.6736305708007084,0.239325056802224,1.084523307029539,0.6595018860042282,109.0,
IgFold,5BZD,OK,1.1065689904294571,0.44957769958940397,2.1686644762320118,0.9809396554587692,119,1.5756434588258665,0.37004157911023194,0.7813785146545068,0.6525020526337411,107.0,
IgFold,5CEX,OK,0.6352254364191983,0.8136890673925721,1.5563825663271842,0.8519430100759448,119,2.9301139384308925,1.127994315449908,3.027761891020062,1.7656181636799972,104.0,
IgFold,5CGY,OK,0.7112380036013499,0.5331393461103002,3.7642989572597116,1.3785297255148745,120,0.5280194404675415,0.48942282715365015,1.2907632724959268,0.9781930886662062,110.0,
IgFold,5DK3,OK,0.5774215518342697,0.5529071311010598,1.9378210758024659,0.7577355508843345,120,1.050087760969389,0.29026907501689364,0.8527274812074052,0.6023816958242852,111.0,
IgFold,5DR5,OK,0.4032891851544231,0.6811380109178999,1.2294884315652863,0.5827394400360826,115,1.8914644978268091,0.4708930953184942,0.6531267641630721,0.7441152380645217,108.0,
IgFold,5F7E,OK,0.3573587783223295,0.4094237859980934,1.4801213445873171,0.6953749244876491,119,1.8797379631268711,0.6737014917769323,0.8120342761391323,0.7592990545992631,102.0,
IgFold,5GGQ,OK,0.6409174301211131,0.5450173668137079,1.6796069201722477,0.6227149089340687,112,0.2783853918150445,0.1971238442638917,0.6772351989228911,0.47007223153821204,107.0,
IgFold,5JQD,OK,5.8478395942476995,1.7205467293256957,3.113043993542458,1.8985090674454692,119,2.014095139169723,1.2196652121750866,0.8188138903945335,0.7864804082337372,108.0,
IgFold,5KG9,OK,2.3089133577447796,1.0547495841426695,0.7079701167704726,0.9651717411416595,108,0.7544994269046232,0.49785305863687823,1.2270609613167038,0.7121188539344683,115.0,
IgFold,5WT9,OK,0.8181334867902762,0.463024794236189,1.8403898746277305,0.623160085817798,113,0.4126310388693412,0.2503762974771881,0.7383488623650628,0.46475476186308146,107.0,
IgFold,6MTS,OK,0.7493186581681753,0.5475182422841428,2.5060045531576978,1.1009604912406352,120,,,,,,NO_LIGHT_CHAIN
IgFold,6QN8,OK,0.5623773070869088,0.6715745368063183,2.1357200854595093,0.9064768957528192,119,0.44381128245568563,0.4283896773522023,1.086670480134926,0.6541435053044162,108.0,
IgFold,7K8Q,OK,0.6304757672049003,0.6930727968373517,3.4969621696637647,1.2536029386611587,120,0.6400348529130551,0.340371672809143,0.9989788070001293,0.699559648073021,110.0,
IgFold,8FAB,OK,0.3296282560882202,0.5369481227905892,1.8820879332511744,0.7949842120526001,120,0.7562236039427871,0.6666213469537728,1.5579284939663998,0.6906147064769744,104.0,
IntelliFold,1AD0,OK,0.460400943610494,1.0946783604016062,2.148576057340406,0.8354003941329975,121,0.25872095108072557,0.27204308869678145,0.2739984890293678,0.3462563819893415,106.0,
IntelliFold,1AD9,OK,0.428310743117583,0.48429513933985296,2.762467049398277,1.0000201229228545,120,0.566036200957818,0.40456252835318735,0.4284616599963928,0.41144669753133767,112.0,
IntelliFold,1B2W,OK,3.05151323466807,1.434394239089427,1.0487563935344417,1.2961066393442484,116,0.9246788126723051,1.2202544119756094,0.471881691885694,0.5278756482392405,107.0,
IntelliFold,1DFB,OK,0.4696565468141121,0.36871111737830564,1.3914758226129191,0.6287370115010129,120,0.47869407863017016,0.5719358644181083,0.42443307382579815,0.46546892930637873,105.0,
IntelliFold,1DN0,OK,1.00876901715808,0.5411807880950745,1.5259946863386324,0.6744958121936592,119,0.39372673422259064,0.331523993379607,0.33409016238601735,0.3685883785425326,108.0,
IntelliFold,1FGV,OK,0.7825115439191558,0.5955196796590033,2.634096742292089,0.9937115183708276,120,0.45214211906075413,0.27068688229598586,0.3856546742051923,0.3647150176958605,107.0,
IntelliFold,1FVC,OK,0.6475987262704355,0.4324776161516866,1.801783912816777,0.7244826329883518,120,0.3482711544360251,0.2203951469688511,0.3318673220565345,0.38334711517490644,107.0,
IntelliFold,1FVD,OK,0.5182703178934039,0.28738385690612644,1.2274977146919595,0.5294031864944929,120,0.35581024662658095,0.3309006244962351,0.22887038268245286,0.33251187147218253,107.0,
IntelliFold,1HEZ,OK,0.37745359454446414,0.4296578023094153,1.4077117334891778,0.586871483350603,120,0.3094189363206376,0.2885798644822738,0.39409158153311163,0.45973270742957517,107.0,
IntelliFold,1IT9,OK,0.5337041827665806,0.3080486809963102,1.1726801965927771,0.5209925602990376,120,1.525044065587486,0.6528237882022896,0.44817349451715033,0.6174402953990155,111.0,
IntelliFold,1JPT,OK,0.30548478683110486,0.49277442040671965,0.50880582773998,0.4042802974225468,117,0.27550279245931364,0.1352809234539171,0.28319251264195905,0.2210136016946519,107.0,
IntelliFold,1MCO,OK,3.940555531583789,4.243095803469054,5.540896314059051,2.965299203358335,109,,,,,,NO_LIGHT_CHAIN
IntelliFold,1R24,OK,0.5000248928792417,1.1859257265361747,1.6530566486475982,0.9283215858924696,120,1.1528031654947997,0.613576769618787,0.6393125890274494,0.7083003769154258,107.0,
IntelliFold,1RHH,OK,2.8071552028202387,1.304415058342607,2.263926610321259,1.2615037668757607,118,2.1260807963661428,0.19148874087235343,0.3221806600740931,0.6079975554111305,108.0,
IntelliFold,1RZ7,OK,0.3629231603997812,0.5842560305917578,0.5498923663491166,0.36380758365692845,119,0.30426463966973355,0.15513127286613035,1.0210885185461125,0.532603712400731,105.0,
IntelliFold,1S3K,OK,0.4572352602536564,1.5906097489458124,1.10379044326742,0.5882739915820221,119,0.39174485066491954,0.21936762986027378,0.3638972249976326,0.2788126632356185,112.0,
IntelliFold,1T04,OK,0.37515541109423106,0.5233605973392785,1.2794207003292934,0.5553911455921607,116,0.25737608779215476,0.33623402613578685,0.4346971676693794,0.43338164729015166,107.0,
IntelliFold,1T3F,OK,0.16477837084463992,0.49661491142742886,1.4536588609084031,0.5170995593478912,116,0.2837252755612415,0.15145939013867266,0.2539484273018674,0.29275974846759356,107.0,
IntelliFold,1U6A,OK,0.5898441934879405,0.5462100705730706,2.7164884280065835,1.0831277530918484,118,0.44750789896310245,0.1267303848197277,1.327787280681444,0.5621364761885208,108.0,
IntelliFold,2AGJ,OK,1.365836462237578,0.9170203785202398,2.6583035584721264,1.0829327742431585,119,0.55735667965092,0.22359678269829106,0.9867628785029374,0.46322065291583203,108.0,
IntelliFold,2D7T,OK,0.39834531279620106,0.24004263430090253,1.5629173152916793,0.6966539501259841,116,0.15439668742768695,0.18365294134605642,0.524514036422319,0.4607710899649162,107.0,
IntelliFold,2EH7,OK,0.38369269543268975,0.5751822381663563,3.7541282334810093,1.0932184222691048,115,0.827915707476625,0.518316239364433,0.6653965821747229,0.6062514230331024,112.0,
IntelliFold,2FB4,OK,0.25915444644965263,0.4213898816684798,1.2615292104368274,0.6304954519811898,120,0.4948772280414523,0.3097458740761705,0.36200611384563636,1.065550955301624,110.0,
IntelliFold,2FGW,OK,0.48209444154621434,0.6473435969190243,2.6971610100597583,0.8940186806622621,116,0.4022518229456946,0.2777846652405994,0.46794528647417655,0.4458072940171888,107.0,
IntelliFold,2G75,OK,3.087298265071281,1.0300932723368073,1.467386169637676,1.2196057563597291,117,0.489173954952124,0.3559280163114514,1.683742731113162,0.6145888136652293,107.0,
IntelliFold,2GCY,OK,0.2610738169371379,0.3479115098412734,0.5417272324266147,0.39577467555727763,118,0.651733576986798,0.32112347762062493,0.8712654236513443,0.5067114800909868,111.0,
IntelliFold,2HFF,OK,0.6168562027180853,0.7155408326404245,2.9220132337627556,1.0271538360445103,119,0.1842667223807407,0.09682930493559916,0.3201905806629806,0.29145521750975073,106.0,
IntelliFold,2IG2,OK,0.33792602314508285,0.4018686703664317,1.480542172534384,0.7539040948267417,120,0.5822445081148145,0.47805195750083734,0.39714655653964165,0.9570800748035801,110.0,
IntelliFold,2XA8,OK,1.3618533222087328,0.980256002277695,1.745542403353515,0.9020233965320851,120,0.5896042578729496,0.17099237442896756,0.5520725790417966,0.4005900905317192,111.0,
IntelliFold,2XZC,OK,1.3390589074440469,2.516709678882387,4.108000487699811,1.6570152412525558,118,0.22049359766274249,0.24941057734839206,0.3306743893733195,0.5571912014394391,108.0,
IntelliFold,3EO9,OK,0.4081579668169832,0.746387325608633,1.482103926849138,0.6491846835284741,120,0.4614275781553127,0.31268568379576256,0.3741634778300907,0.4849152446514385,107.0,
IntelliFold,3EOT,OK,0.27919307832508766,0.26360213294458057,0.4087642334597701,0.24982374269797827,118,3.5122119546816237,5.739634010786719,2.286999567383077,7.404639715348051,108.0,
IntelliFold,3FZU,OK,2.4248467647105674,0.3810198779841388,1.6607453183022656,0.9813299782849452,118,0.3343687223314988,0.38379030469342973,0.3824995729945507,0.34685840627694925,107.0,
IntelliFold,3G6A,OK,0.3387380853550024,0.44949226897608224,0.661551258464407,0.3470514262066121,120,0.5415277242252042,0.4092638158160025,0.4718069914634062,0.5023089747971342,107.0,
IntelliFold,3HC3,OK,0.3382434432815446,0.2884945474327595,0.6764369898987386,0.876108099758961,116,0.26965730907894414,0.26566998031822353,0.23507336515200686,0.25215232658011166,107.0,
IntelliFold,3IDG,OK,0.2568005048587896,0.26286063416830824,0.28044841261082254,0.21262126915326224,121,0.18278492400485385,0.20894472362772576,0.28231830617749726,0.27746327604887394,107.0,
IntelliFold,4F57,OK,0.2097966745720824,1.1212784847107258,1.243870085672131,0.5565719491845456,120,0.42499147031513673,0.27277713706979734,0.7544216307492598,0.42132790055321934,110.0,
IntelliFold,4FQC,OK,0.6604191410604998,1.727860451874781,3.7164087022488603,1.605938992816011,119,2.5423327504362043,0.6566020996962469,3.5588682204854134,1.7375189016785069,102.0,
IntelliFold,4FZ8,OK,0.8858516393361296,1.276244705194056,3.663914665527546,1.4076420235628655,120,1.9168152535541405,0.34317316687888944,1.2335255544473562,0.8611873034752353,111.0,
IntelliFold,4G5Z,OK,0.3003087337066691,0.4028878599786205,0.47074068981995626,0.32958650133311035,118,0.2654651081382432,0.27781451453062805,0.36017403773678747,0.4719592582995424,107.0,
IntelliFold,4OSU,OK,0.35389621674411287,0.38748337169396874,1.9715766756556943,0.7219138620455724,120,0.6810449466260804,0.15594909358919254,2.224260856038351,1.132449490265766,109.0,
IntelliFold,4R7N,OK,0.8345933912227342,0.4740153743498782,1.0661808729353686,0.6756020467922396,118,0.7098911210139633,1.2303217175163375,0.3071338255508416,0.5123014396442186,107.0,
IntelliFold,4UOK,OK,0.3680197243660037,0.6485548261938822,2.7576720087917983,0.8599339614710428,114,0.9975948866932137,0.3919101272366984,0.5752960157347028,0.6281609148878403,111.0,
IntelliFold,5AWN,OK,0.41546389928769695,0.4692556606588178,1.6760284967714738,0.7538462732016209,120,0.46067827950945195,0.12108929921723939,0.6831785155858663,0.5075589194229317,109.0,
IntelliFold,5BZD,OK,1.1996583719143117,0.5761280476588772,1.667323316796341,0.8063476378155061,119,1.8144878052829327,0.30926270965920133,1.4787257488184817,0.7584487417104705,107.0,
IntelliFold,5CEX,OK,1.19306829419843,1.3250608145757838,2.947086007117729,1.2441848577773693,119,3.003504172428715,0.4881637782622064,2.662063725500023,1.5372449099989092,104.0,
IntelliFold,5CGY,OK,1.2940004783154535,0.9267462206582099,6.075524252052014,2.1263761940618933,120,0.7636795716811519,0.20268998907113486,1.3885057170568467,1.0266918460229284,110.0,
IntelliFold,5DK3,OK,0.25706407146892696,0.2934020287882188,0.3438526629036702,0.41342043160706127,120,0.5778242207153874,0.1546061289608226,0.32263910160235826,0.5008683306584358,111.0,
IntelliFold,5DR5,OK,0.34214036545009313,0.3884452603227872,1.3320347829932888,0.4958002507929271,115,1.445337282607198,0.2761460724842083,0.42806985276401116,0.6081729601627844,108.0,
IntelliFold,5F7E,OK,0.2789222940294961,0.24897784478670465,1.677496145768735,0.6406391221519788,119,1.8790430356402086,0.4534664262889114,0.6176074814979018,0.62777570634832,102.0,
IntelliFold,5GGQ,OK,0.28324070139060026,0.3079230418163986,0.3918665072718029,0.3762240728627809,112,0.1582942574008278,0.1432093066111855,0.39593567934529106,0.4188376366659475,107.0,
IntelliFold,5JQD,OK,6.183383075042501,1.3608903146061917,1.9183658304842703,1.7561625698641488,119,1.9238605411232004,1.1909389168121152,0.45468357883874605,0.6635589452379216,108.0,
IntelliFold,5KG9,OK,2.3566161906128076,1.1159935788969702,0.7519965427465295,0.9949739166224152,108,0.4761842818851561,0.4431534796588295,1.1969487503330285,0.6059056800516399,115.0,
IntelliFold,5WT9,OK,0.4714609853720746,0.4347796619516127,0.3647992719226768,0.3689059695152507,113,0.24401272328174056,0.24609377684820746,0.2623155491958413,0.24557972960928834,107.0,
IntelliFold,6MTS,OK,0.5984570658868599,0.7921092672113084,3.4761678828259526,1.3173916527093077,120,0.7312163732088602,0.6501744323664596,0.42092115308942596,0.6014370093254419,109.0,
IntelliFold,6QN8,OK,0.37850238029703087,0.4988338966156228,7.090614798108577,2.4256519406540997,119,0.31780341570960113,0.5572650031881908,1.5199125023075113,0.8684636202493146,108.0,
IntelliFold,7K8Q,OK,0.7130691286812948,0.8708306896476408,5.063011267018411,1.7358831842848068,120,0.5965397144551515,0.216366502693139,0.9737657877663903,0.5628761814680198,110.0,
IntelliFold,8FAB,OK,0.3152926948488531,0.42935847367115687,1.6822174902899247,0.6475970495419726,120,0.5113342921664223,0.40789841870037397,1.560322945400567,0.5752508094298893,104.0,
OpenFold3,1AD0,OK,0.5981099384564231,1.1080833617709458,2.3327816000720114,0.8954292368713356,121,0.2798592480531793,0.3466262542918933,0.8887034302970214,0.4815917047188319,106.0,
OpenFold3,1AD9,OK,0.2692609950550367,0.7020838030735002,2.52314956166501,0.9406639509550134,120,0.5358570285159939,0.42782040887446904,0.3443446572767026,0.40824721215695925,112.0,
OpenFold3,1B2W,OK,3.0304673627532597,1.4243772000862656,1.2812757975441487,1.3108035597929064,116,0.9371595039199802,1.2150574834606451,0.48562509702369533,0.5371225958763365,107.0,
OpenFold3,1DFB,OK,0.5177883529667787,0.3484460943205683,1.4893986449866963,0.63808430526802,120,0.41160016394872334,0.5810259241483934,0.3739378090864363,0.4483640974326712,105.0,
OpenFold3,1DN0,OK,1.0731738072224386,0.5031553303952773,0.6933881776699908,0.5139764098129753,119,0.5753000177545432,0.37790241315495626,0.20131932985152023,0.3810348955031066,108.0,
OpenFold3,1FGV,OK,0.6192212662473952,0.48825946677752097,1.8175570101585088,0.7318205747131891,120,0.41047391080914314,0.1875236736561668,0.22166527133748062,0.4801338952200386,107.0,
OpenFold3,1FVC,OK,0.5791533410453683,0.6162409509848081,2.364370415751184,0.9188868938375748,120,0.2859591203881179,0.20798205537487016,0.4786689945666975,0.43948991211754057,107.0,
OpenFold3,1FVD,OK,0.4067149438568984,0.32950517073074315,1.27356100017461,0.5376747196204358,120,0.3405981035695805,0.31242212836904926,0.39668074036435863,0.31360301939267426,107.0,
OpenFold3,1HEZ,OK,0.3309825474059669,0.6674267939147203,1.2865114275033207,0.5596095710290598,120,0.2674452117672895,0.3016691045135976,0.3724785095110652,0.3818784314800459,107.0,
OpenFold3,1IT9,OK,0.6188285645718166,0.5308408623864916,3.548142352994206,1.2520746664409677,120,1.8358077479389103,0.5702848714910702,0.6478004135970848,0.7051462924710356,111.0,
OpenFold3,1JPT,OK,0.11547125611830349,0.30520119223048825,1.1690029038530787,0.4681130798799709,117,0.31055401845557734,0.31100193715210195,0.2748955475270284,0.2638314190470438,107.0,
OpenFold3,1MCO,OK,3.9536221540772747,4.235098167101639,5.123366694744193,2.9289927682004206,109,,,,,,NO_LIGHT_CHAIN
OpenFold3,1R24,OK,0.4628561014869179,1.1196589309298632,1.4115724103563676,0.7988286764379339,120,0.6854691498562919,0.5750152162054687,0.5762512951154984,0.6666768889177573,107.0,
OpenFold3,1RHH,OK,2.6459289056839355,1.1991982641721122,3.40403696806096,1.4693512465331937,118,0.2918975745151097,0.12643390115138178,0.3852675967792843,0.507314315474668,108.0,
OpenFold3,1RZ7,OK,0.3463245505100984,0.6031816805528886,0.23133549685304974,0.3570178295714846,119,0.37183082039990095,0.17363402225707836,1.0844612603038872,0.6282536476200242,105.0,
OpenFold3,1S3K,OK,0.25741999043192704,1.551457827439139,0.4128772237214324,0.4602503709949438,119,0.251572418482972,0.1366742175468162,0.30070568601342784,0.36228094264420463,112.0,
OpenFold3,1T04,OK,0.45787292936708385,0.5079587442438663,1.3624921482379866,0.5539079259693899,116,0.23454931338197896,0.3414658932601268,0.3486808366396365,0.5574573269172676,107.0,
OpenFold3,1T3F,OK,0.2425267223178082,0.66585730193263,1.7278625672406862,0.5940431001818074,116,0.2756067571198775,0.17900439364963486,0.39009345426373143,0.47425874610926133,107.0,
OpenFold3,1U6A,OK,1.0137332017506442,0.6756945642945467,2.8821143381836056,1.2857652453034782,118,0.6089737866244912,0.1815807436796239,1.4533301187861076,0.6085028376274343,108.0,
OpenFold3,2AGJ,OK,1.4312665347162405,0.9506915479802693,2.564997147978919,1.0569068801773696,119,0.5292953890549941,0.19970093540298242,1.1593276657676732,0.4871393208698243,108.0,
OpenFold3,2D7T,OK,0.4447833861155108,0.25816878628747353,1.7389622756907797,0.7567054650650988,116,0.11310999513074486,0.13146269079984083,0.5895043510021771,0.446384675677646,107.0,
OpenFold3,2EH7,OK,0.5209667122484282,0.6091000913217013,4.045326797426813,1.1771774387329819,115,0.7946739028912969,0.4522479843329382,0.5338259508065027,0.6120628663474814,112.0,
OpenFold3,2FB4,OK,0.28246305380891057,0.4791782244449478,1.719373221676344,0.6722658494565984,120,0.2920565738129426,0.16797567433873736,0.40833437858423827,0.7488737957136345,110.0,
OpenFold3,2FGW,OK,0.4555866951234684,0.6566729031471468,1.592307021725635,0.6843976156180818,116,0.3486273745814086,0.2654334700699334,0.3688871749647422,0.4254447424079845,107.0,
OpenFold3,2G75,OK,3.119153000185862,1.2250270978304252,1.8736843311671851,1.28494451145365,117,0.3818138801989089,0.23872043572554313,1.865703119591783,0.6879817920279669,107.0,
OpenFold3,2GCY,OK,0.3399851233911777,0.3280916862703791,0.7641530017921324,0.42135499337574817,118,0.5678758482316857,0.15576372573412034,0.9258599192639148,0.4109789870643778,111.0,
OpenFold3,2HFF,OK,0.465587391650175,0.4003385288829612,1.6969973403346603,0.6437678356712749,119,0.1732574566913821,0.14270102856013248,0.5902288543483483,0.29186112581947365,106.0,
OpenFold3,2IG2,OK,0.3924336796799195,0.4411496663007853,1.5517579877765397,0.708445618909948,120,0.5801701657073963,0.43962285788555067,0.4856365589190233,0.980779562229906,110.0,
OpenFold3,2XA8,OK,1.5542761497991278,1.0993764292951713,1.9181536345754304,0.9720100841602621,120,0.45847596343099145,0.11943867672514541,0.5698366535549189,0.3937899568280401,111.0,
OpenFold3,2XZC,OK,1.419328027643042,2.3142554640031032,4.227008429036167,1.673294355025506,118,0.1805625626236077,0.15417451967941576,0.27404171390204796,0.4366925869921771,108.0,
OpenFold3,3EO9,OK,0.30754155142353734,0.6212799155825259,1.6225922957678545,0.6519750544323571,120,0.48212092040815424,0.31559550985530604,0.35252999277203195,0.45360375779816026,107.0,
OpenFold3,3EOT,OK,0.46688757773214223,0.24678967614694938,1.6736993638994624,0.5858565905619745,118,3.3418418064748665,5.71284720826254,2.22694702239695,7.3908416644997725,108.0,
OpenFold3,3FZU,OK,2.359738812362765,0.4748230652373317,1.6316257151270053,0.9709688330951383,118,0.3163359454291631,0.3035366051069183,0.3978488676179766,0.3596828761006795,107.0,
OpenFold3,3G6A,OK,0.32145665319972977,0.32128289832790013,1.034582854949786,0.4544946444857287,120,0.4272512693610056,0.24920665114825297,2.1484090922017813,0.8342169644504914,107.0,
OpenFold3,3HC3,OK,0.2440097937673751,0.2971245717345467,0.4870176266615249,0.8779123477611206,116,0.24340753291607964,0.19358568992469274,0.24261832459251634,0.44863979728156267,107.0,
OpenFold3,3IDG,OK,0.21639016004725622,0.17514789596537028,0.7835066511028155,0.3041801252168385,121,0.18029722503227513,0.13457214870744189,0.1601610835737929,0.16722084940700266,107.0,
OpenFold3,4F57,OK,0.2029030545059682,1.0874975697197686,0.9506262179901572,0.4949201383324119,120,0.6705233229818046,0.1257645119388647,0.918915680561759,0.9100791898232966,110.0,
OpenFold3,4FQC,OK,0.6213471358086996,1.2228365479205026,1.7622865036434379,1.0075757915705823,119,2.7451246560692635,0.7967197536002949,5.07924772495938,2.1726022534952625,102.0,
OpenFold3,4FZ8,OK,1.0649597107423645,1.4542782165555932,3.879111628151103,1.5093306630686634,120,1.8563331105049075,0.3199868740592012,1.1706561747079816,0.8441346653320081,111.0,
OpenFold3,4G5Z,OK,0.300780864109305,0.5140833636334807,0.9047831190891021,0.4426157955827675,118,0.2747358103007589,0.180594629076988,0.29165615064769324,0.403194527098602,107.0,
OpenFold3,4OSU,OK,0.24752295761312793,0.5373371141034462,2.132401877025083,0.7700054131210402,120,0.882518511754489,0.2864799066375185,2.9582623310085467,1.1895361859900044,109.0,
OpenFold3,4R7N,OK,1.067569737211833,0.4256581422794917,0.8748806976764185,0.6425650960998286,118,0.6484782652838136,1.3256487224545983,0.3250013286946872,0.5822437907668275,107.0,
OpenFold3,4UOK,OK,0.3365484815368346,0.6252465318344965,2.711313950033435,0.8478538504100804,114,1.0418334130908071,0.3891601583413364,0.45847095107678293,0.5707384066128985,111.0,
OpenFold3,5AWN,OK,0.2904254186372599,0.5465545984202276,0.6781029509995549,0.5119730415839959,120,0.661201305877498,0.16367761424823324,1.6101191663491996,0.8252099062718111,109.0,
OpenFold3,5BZD,OK,1.6817727154881246,0.38502712327338834,1.1886223198654877,0.7733618513520769,119,1.6051713076085845,0.22830819277444436,1.4392347601985531,0.7531325963733332,107.0,
OpenFold3,5CEX,OK,1.0671784069261943,0.6885969130443612,3.1806089956011854,1.397083880765597,119,2.9387689034891604,0.43620858085646275,2.7779131555227385,1.5690319595872873,104.0,
OpenFold3,5CGY,OK,1.6253911092105846,0.989904626145672,7.444719412929098,2.576987207462108,120,0.4782075164851801,0.13579565030137608,1.2824299364557716,0.5810209850334509,110.0,
OpenFold3,5DK3,OK,4.377666035386949,4.184969358639407,5.115375788089843,2.6260500244242455,108,,,,,,NO_LIGHT_CHAIN
OpenFold3,5DR5,OK,0.2755574592256985,0.32766805094520707,0.48466265233837935,0.3773785332763284,115,0.7557922031285059,0.20078950844989446,0.45495664733814073,0.3513005216662932,108.0,
OpenFold3,5F7E,OK,0.34777061883177773,0.27132702073273657,0.37307226228870993,0.35246575042221123,119,1.9002266402520898,0.496135910757669,0.5450144820667787,0.5951086778808793,102.0,
OpenFold3,5GGQ,OK,0.2520939854398769,0.32231847111990836,0.35961170830026085,0.3233781311025979,112,0.13213102827651196,0.14290170938864163,0.3351058358466464,0.4273596735716216,107.0,
OpenFold3,5JQD,OK,2.4621796515134045,2.0316111616361083,1.9588535733332542,1.1919242647576054,119,1.862838243634757,1.1820219128451772,0.43890652346626846,0.6333602900751307,108.0,
OpenFold3,5KG9,OK,2.549277700056349,1.2979630556272048,0.8163435128183113,1.007946655435579,108,0.4677262191009139,0.42393045276973385,1.2004605842536975,0.6094023208594724,115.0,
OpenFold3,5WT9,OK,0.49901521805037147,0.5658456753297101,1.2302146490349666,0.48631784504827613,113,0.25381816888280373,0.1507637960213655,0.32528357841959626,0.22094559588482765,107.0,
OpenFold3,6MTS,OK,0.5278656341439821,0.4249066403227406,3.0485665997598552,1.173359300713416,120,0.7082907887709387,0.49360816366798516,0.3689331131281364,0.5891786587055525,109.0,
OpenFold3,6QN8,OK,0.663286480078724,0.6621889606901932,6.711754046911439,2.370403262923003,119,0.3124101543553468,0.5212267689876985,1.5559109367044988,0.7935472804393957,108.0,
OpenFold3,7K8Q,OK,1.090715571374958,1.0081064397128037,6.685623936974024,2.283951120964453,120,0.6978330260802778,0.14425581970790974,0.9230761498813838,0.4923572783238851,110.0,
OpenFold3,8FAB,OK,0.22915998650899602,0.34183861124564546,1.4861935265050927,0.5844001293666793,120,0.5910906106394808,0.2945315310215138,1.8018422578252398,0.6403312072363566,104.0,
